Code	Analyzed Phenotype	NHGRI Phenotype	CHR_ID	CHR_POS	LINK	STUDY	REPORTED GENE(S)	gene	allelotype	phe_ID	phenotype	posterior_probability	Manual curation found?	Literature source	source DOI	Notes
HC430	rheumatoid arthritis	Rheumatoid arthritis	6	32614873	www.ncbi.nlm.nih.gov/pubmed/25014791	"Immunochip identifies novel, and replicates known, genetic risk loci for rheumatoid arthritis in black South Africans."	HLA-DRB1	DRB1	DRB1_401	HC430	rheumatoid arthritis	1	Y (HLA-wide AS)	http://www.jrheum.org/content/28/1/122.short		early onset RA
HC430	rheumatoid arthritis	Rheumatoid arthritis	6	32606394	www.ncbi.nlm.nih.gov/pubmed/17554300	"Genome-wide association study of 14,000 cases of seven common diseases and 3,000 shared controls."	HLA-DRB1	DRB1	DRB1_401	HC430	rheumatoid arthritis	1	Y (HLA-wide AS)	http://www.jrheum.org/content/28/1/122.short		early onset RA
HC430	rheumatoid arthritis	Rheumatoid arthritis	6	32609603	www.ncbi.nlm.nih.gov/pubmed/17804836	TRAF1-C5 as a risk locus for rheumatoid arthritis--a genomewide study.	HLA-DRB1	DRB1	DRB1_401	HC430	rheumatoid arthritis	1	Y (HLA-wide AS)	http://www.jrheum.org/content/28/1/122.short		early onset RA
HC430	rheumatoid arthritis	Rheumatoid arthritis	6	32696222	www.ncbi.nlm.nih.gov/pubmed/18794853	Common variants at CD40 and other loci confer risk of rheumatoid arthritis.	HLA-DRB1	DRB1	DRB1_401	HC430	rheumatoid arthritis	1	Y (HLA-wide AS)	http://www.jrheum.org/content/28/1/122.short		early onset RA
HC430	rheumatoid arthritis	Rheumatoid arthritis	6	32713151	www.ncbi.nlm.nih.gov/pubmed/21452313	Genome-wide association study of rheumatoid arthritis in Koreans: population-specific loci as well as overlap with European susceptibility loci.	HLA-DRB1	DRB1	DRB1_401	HC430	rheumatoid arthritis	1	Y (HLA-wide AS)	http://www.jrheum.org/content/28/1/122.short		early onset RA
HC430	rheumatoid arthritis	Rheumatoid arthritis	6	32460995	www.ncbi.nlm.nih.gov/pubmed/24390342	Genetics of rheumatoid arthritis contributes to biology and drug discovery.	HLA-DRB1	DRB1	DRB1_401	HC430	rheumatoid arthritis	1	Y (HLA-wide AS)	http://www.jrheum.org/content/28/1/122.short		early onset RA
HC430	rheumatoid arthritis	Rheumatoid arthritis	6	32703326	www.ncbi.nlm.nih.gov/pubmed/20453841	A regulatory variant in CCR6 is associated with rheumatoid arthritis susceptibility.	HLA-DRB1	DRB1	DRB1_401	HC430	rheumatoid arthritis	1	Y (HLA-wide AS)	http://www.jrheum.org/content/28/1/122.short		early onset RA
HC430	rheumatoid arthritis	Rheumatoid arthritis	6	32315077	www.ncbi.nlm.nih.gov/pubmed/20453842	Genome-wide association study meta-analysis identifies seven new rheumatoid arthritis risk loci.	HLA-DRB1	DRB1	DRB1_401	HC430	rheumatoid arthritis	1	Y (HLA-wide AS)	http://www.jrheum.org/content/28/1/122.short		early onset RA
HC430	rheumatoid arthritis	Rheumatoid arthritis	6	32484011	www.ncbi.nlm.nih.gov/pubmed/28118524	A Multinational Arab Genome-Wide Association Study Identifies New Genetic Associations for Rheumatoid Arthritis.	HLA-DRB1	DRB1	DRB1_401	HC430	rheumatoid arthritis	1	Y (HLA-wide AS)	http://www.jrheum.org/content/28/1/122.short		early onset RA
HC430	rheumatoid arthritis	Rheumatoid arthritis	6	32614873	www.ncbi.nlm.nih.gov/pubmed/25014791	"Immunochip identifies novel, and replicates known, genetic risk loci for rheumatoid arthritis in black South Africans."	HLA-DRB1	DRB1	DRB1_404	HC430	rheumatoid arthritis	1	Y (HLA-wide AS)	https://arthritis-research.biomedcentral.com/articles/10.1186/s13075-015-0692-4		Rhematoid arthritis
HC430	rheumatoid arthritis	Rheumatoid arthritis	6	32606394	www.ncbi.nlm.nih.gov/pubmed/17554300	"Genome-wide association study of 14,000 cases of seven common diseases and 3,000 shared controls."	HLA-DRB1	DRB1	DRB1_404	HC430	rheumatoid arthritis	1	Y (HLA-wide AS)	https://arthritis-research.biomedcentral.com/articles/10.1186/s13075-015-0692-4		Rhematoid arthritis
HC430	rheumatoid arthritis	Rheumatoid arthritis	6	32609603	www.ncbi.nlm.nih.gov/pubmed/17804836	TRAF1-C5 as a risk locus for rheumatoid arthritis--a genomewide study.	HLA-DRB1	DRB1	DRB1_404	HC430	rheumatoid arthritis	1	Y (HLA-wide AS)	https://arthritis-research.biomedcentral.com/articles/10.1186/s13075-015-0692-4		Rhematoid arthritis
HC430	rheumatoid arthritis	Rheumatoid arthritis	6	32696222	www.ncbi.nlm.nih.gov/pubmed/18794853	Common variants at CD40 and other loci confer risk of rheumatoid arthritis.	HLA-DRB1	DRB1	DRB1_404	HC430	rheumatoid arthritis	1	Y (HLA-wide AS)	https://arthritis-research.biomedcentral.com/articles/10.1186/s13075-015-0692-4		Rhematoid arthritis
HC430	rheumatoid arthritis	Rheumatoid arthritis	6	32713151	www.ncbi.nlm.nih.gov/pubmed/21452313	Genome-wide association study of rheumatoid arthritis in Koreans: population-specific loci as well as overlap with European susceptibility loci.	HLA-DRB1	DRB1	DRB1_404	HC430	rheumatoid arthritis	1	Y (HLA-wide AS)	https://arthritis-research.biomedcentral.com/articles/10.1186/s13075-015-0692-4		Rhematoid arthritis
HC430	rheumatoid arthritis	Rheumatoid arthritis	6	32460995	www.ncbi.nlm.nih.gov/pubmed/24390342	Genetics of rheumatoid arthritis contributes to biology and drug discovery.	HLA-DRB1	DRB1	DRB1_404	HC430	rheumatoid arthritis	1	Y (HLA-wide AS)	https://arthritis-research.biomedcentral.com/articles/10.1186/s13075-015-0692-4		Rhematoid arthritis
HC430	rheumatoid arthritis	Rheumatoid arthritis	6	32703326	www.ncbi.nlm.nih.gov/pubmed/20453841	A regulatory variant in CCR6 is associated with rheumatoid arthritis susceptibility.	HLA-DRB1	DRB1	DRB1_404	HC430	rheumatoid arthritis	1	Y (HLA-wide AS)	https://arthritis-research.biomedcentral.com/articles/10.1186/s13075-015-0692-4		Rhematoid arthritis
HC430	rheumatoid arthritis	Rheumatoid arthritis	6	32315077	www.ncbi.nlm.nih.gov/pubmed/20453842	Genome-wide association study meta-analysis identifies seven new rheumatoid arthritis risk loci.	HLA-DRB1	DRB1	DRB1_404	HC430	rheumatoid arthritis	1	Y (HLA-wide AS)	https://arthritis-research.biomedcentral.com/articles/10.1186/s13075-015-0692-4		Rhematoid arthritis
HC430	rheumatoid arthritis	Rheumatoid arthritis	6	32484011	www.ncbi.nlm.nih.gov/pubmed/28118524	A Multinational Arab Genome-Wide Association Study Identifies New Genetic Associations for Rheumatoid Arthritis.	HLA-DRB1	DRB1	DRB1_404	HC430	rheumatoid arthritis	1	Y (HLA-wide AS)	https://arthritis-research.biomedcentral.com/articles/10.1186/s13075-015-0692-4		Rhematoid arthritis
HC430	rheumatoid arthritis	Rheumatoid arthritis	6	32696074	www.ncbi.nlm.nih.gov/pubmed/18668548	Genome-wide association study of rheumatoid arthritis in the Spanish population: KLF12 as a risk locus for rheumatoid arthritis susceptibility.	HLA-DQA1	DQA1	DQA1_102	HC430	rheumatoid arthritis	1	N			
HC430	rheumatoid arthritis	Rheumatoid arthritis	6	32702178	www.ncbi.nlm.nih.gov/pubmed/23918589	"A genome-wide association study reveals ARL15, a novel non-HLA susceptibility gene for rheumatoid arthritis in North Indians."	HLA-DQA1	DQA1	DQA1_102	HC430	rheumatoid arthritis	1	N			
HC38	psoriasis	Psoriasis	6	31285148	www.ncbi.nlm.nih.gov/pubmed/20953188	Genome-wide association study identifies a psoriasis susceptibility locus at TRAF3IP2.	HLA-C	C	C_602	HC38	psoriasis	1	Y (HLA-wide AS)	https://arthritis-research.biomedcentral.com/track/pdf/10.1186/s13075-015-0640-3?site=http://arthritis-research.biomedcentral.com	10.1186/s13075-015-0640-3	psoriatic arthritis
HC38	psoriasis	Psoriasis	6	31306778	www.ncbi.nlm.nih.gov/pubmed/20953190	A genome-wide association study identifies new psoriasis susceptibility loci and an interaction between HLA-C and ERAP1.	HLA-C	C	C_602	HC38	psoriasis	1	Y (HLA-wide AS)	https://arthritis-research.biomedcentral.com/track/pdf/10.1186/s13075-015-0640-3?site=http://arthritis-research.biomedcentral.com	10.1186/s13075-015-0640-3	psoriatic arthritis
HC38	psoriasis	Psoriasis	6	31306778	www.ncbi.nlm.nih.gov/pubmed/18369459	A genome-wide association study of psoriasis and psoriatic arthritis identifies new disease loci.	HLA-C	C	C_602	HC38	psoriasis	1	Y (HLA-wide AS)	https://arthritis-research.biomedcentral.com/track/pdf/10.1186/s13075-015-0640-3?site=http://arthritis-research.biomedcentral.com	10.1186/s13075-015-0640-3	psoriatic arthritis
HC38	psoriasis	Psoriasis	6	31464003	www.ncbi.nlm.nih.gov/pubmed/18369459	A genome-wide association study of psoriasis and psoriatic arthritis identifies new disease loci.	HLA-C	C	C_602	HC38	psoriasis	1	Y (HLA-wide AS)	https://arthritis-research.biomedcentral.com/track/pdf/10.1186/s13075-015-0640-3?site=http://arthritis-research.biomedcentral.com	10.1186/s13075-015-0640-3	psoriatic arthritis
HC38	psoriasis	Psoriasis	6	31344549	www.ncbi.nlm.nih.gov/pubmed/18364390	Identification of ZNF313/RNF114 as a novel psoriasis susceptibility gene.	HLA-C	C	C_602	HC38	psoriasis	1	Y (HLA-wide AS)	https://arthritis-research.biomedcentral.com/track/pdf/10.1186/s13075-015-0640-3?site=http://arthritis-research.biomedcentral.com	10.1186/s13075-015-0640-3	psoriatic arthritis
HC38	psoriasis	Psoriasis	6	31285148	www.ncbi.nlm.nih.gov/pubmed/19169254	Genome-wide scan reveals association of psoriasis with IL-23 and NF-kappaB pathways.	HLA-C	C	C_602	HC38	psoriasis	1	Y (HLA-wide AS)	https://arthritis-research.biomedcentral.com/track/pdf/10.1186/s13075-015-0640-3?site=http://arthritis-research.biomedcentral.com	10.1186/s13075-015-0640-3	psoriatic arthritis
HC38	psoriasis	Psoriasis	6	31298313	www.ncbi.nlm.nih.gov/pubmed/23143594	Identification of 15 new psoriasis susceptibility loci highlights the role of innate immunity.	HLA-C	C	C_602	HC38	psoriasis	1	Y (HLA-wide AS)	https://arthritis-research.biomedcentral.com/track/pdf/10.1186/s13075-015-0640-3?site=http://arthritis-research.biomedcentral.com	10.1186/s13075-015-0640-3	psoriatic arthritis
HC38	psoriasis	Psoriasis	6	31387342	www.ncbi.nlm.nih.gov/pubmed/23143594	Identification of 15 new psoriasis susceptibility loci highlights the role of innate immunity.	HLA-C	C	C_602	HC38	psoriasis	1	Y (HLA-wide AS)	https://arthritis-research.biomedcentral.com/track/pdf/10.1186/s13075-015-0640-3?site=http://arthritis-research.biomedcentral.com	10.1186/s13075-015-0640-3	psoriatic arthritis
HC38	psoriasis	Psoriasis	6	31298313	www.ncbi.nlm.nih.gov/pubmed/23143594	Identification of 15 new psoriasis susceptibility loci highlights the role of innate immunity.	HLA-B	B	B_5701	HC38	psoriasis	1	Y (HLA-wide AS)	https://arthritis-research.biomedcentral.com/track/pdf/10.1186/s13075-015-0640-3?site=http://arthritis-research.biomedcentral.com	10.1186/s13075-015-0640-3	psoriatic arthritis
HC38	psoriasis	Psoriasis	6	31387342	www.ncbi.nlm.nih.gov/pubmed/23143594	Identification of 15 new psoriasis susceptibility loci highlights the role of innate immunity.	HLA-B	B	B_5701	HC38	psoriasis	1	Y (HLA-wide AS)	https://arthritis-research.biomedcentral.com/track/pdf/10.1186/s13075-015-0640-3?site=http://arthritis-research.biomedcentral.com	10.1186/s13075-015-0640-3	psoriatic arthritis
HC422	ankylosing spondylitis	Ankylosing spondylitis	6	31398010	www.ncbi.nlm.nih.gov/pubmed/21743469	Interaction between ERAP1 and HLA-B27 in ankylosing spondylitis implicates peptide handling in the mechanism for HLA-B27 in disease susceptibility.	HLA-B	B	B_2705	HC422	ankylosing spondylitis	1	Y (causal)	http://ard.bmj.com/content/early/2012/02/21/annrheumdis-2011-200347.short	10.1136/annrheumdis-2011-200347	
HC422	ankylosing spondylitis	Ankylosing spondylitis	6	31398010	www.ncbi.nlm.nih.gov/pubmed/21743469	Interaction between ERAP1 and HLA-B27 in ankylosing spondylitis implicates peptide handling in the mechanism for HLA-B27 in disease susceptibility.	HLA-B	B	B_2702	HC422	ankylosing spondylitis	1	Y (HLA-wide AS)	https://www.nature.com/articles/ncomms8146	10.1038/ncomms8146	
HC95	inflammatory bowel disease	Inflammatory bowel disease	6	32644620	www.ncbi.nlm.nih.gov/pubmed/28067908	Genome-wide association study implicates immune activation of multiple integrin genes in inflammatory bowel disease.	HLA-DRB1	DRB1	DRB1_103	HC95	inflammatory bowel disease	1	Y (HLA-wide AS)	https://www.nature.com/articles/ng.3176		
HC95	inflammatory bowel disease	Ulcerative colitis or Crohn's disease	6	32619077	www.ncbi.nlm.nih.gov/pubmed/21699788	HLA-Cw*1202-B*5201-DRB1*1502 haplotype increases risk for ulcerative colitis but reduces risk for Crohn's disease.	HLA-DRB1	DRB1	DRB1_103	HC95	inflammatory bowel disease	1	Y (HLA-wide AS)	https://www.nature.com/articles/ng.3176		
HC201	ulcerative colitis	Ulcerative colitis	6	32465390	www.ncbi.nlm.nih.gov/pubmed/19122664	Ulcerative colitis-risk loci on chromosomes 1p36 and 12q15 found by genome-wide association study.	HLA-DRB1	DRB1	DRB1_103	HC201	ulcerative colitis	0.808	Y (HLA-wide AS)	https://www.nature.com/articles/ng.3176		
HC201	ulcerative colitis	Ulcerative colitis	6	32461866	www.ncbi.nlm.nih.gov/pubmed/21297633	"Meta-analysis identifies 29 additional ulcerative colitis risk loci, increasing the number of confirmed associations to 47."	HLA-DRB1	DRB1	DRB1_103	HC201	ulcerative colitis	0.808	Y (HLA-wide AS)	https://www.nature.com/articles/ng.3176		
HC201	ulcerative colitis	Ulcerative colitis	6	32644620	www.ncbi.nlm.nih.gov/pubmed/23128233	Host-microbe interactions have shaped the genetic architecture of inflammatory bowel disease.	HLA-DRB1	DRB1	DRB1_103	HC201	ulcerative colitis	0.808	Y (HLA-wide AS)	https://www.nature.com/articles/ng.3176		
HC201	ulcerative colitis	Ulcerative colitis	6	32619077	www.ncbi.nlm.nih.gov/pubmed/23511034	Genome-wide association study of ulcerative colitis in Koreans suggests extensive overlapping of genetic susceptibility with Caucasians.	HLA-DRB1	DRB1	DRB1_103	HC201	ulcerative colitis	0.808	Y (HLA-wide AS)	https://www.nature.com/articles/ng.3176		
HC201	ulcerative colitis	Ulcerative colitis	6	32644620	www.ncbi.nlm.nih.gov/pubmed/28067908	Genome-wide association study implicates immune activation of multiple integrin genes in inflammatory bowel disease.	HLA-DRB1	DRB1	DRB1_103	HC201	ulcerative colitis	0.808	Y (HLA-wide AS)	https://www.nature.com/articles/ng.3176		
HC352	systemic lupus erythematosis/sle	Systemic lupus erythematosus			www.ncbi.nlm.nih.gov/pubmed/26606652	Genome-Wide Association Study in an Amerindian Ancestry Population Reveals Novel Systemic Lupus Erythematosus Risk Loci and the Role of European Admixture.	HLA-B	B	B_801	HC352	systemic lupus erythematosis/sle	1	Y (GWAS)	http://www.sciencedirect.com/science/article/pii/S0002929712004673	10.1016/j.ajhg.2012.08.026	
HC352	systemic lupus erythematosis/sle	Systemic lupus erythematosus			www.ncbi.nlm.nih.gov/pubmed/28714469	Transancestral mapping and genetic load in systemic lupus erythematosus.	HLA-B	B	B_801	HC352	systemic lupus erythematosis/sle	1	Y (GWAS)	http://www.sciencedirect.com/science/article/pii/S0002929712004673	10.1016/j.ajhg.2012.08.026	
cancer1055	chronic lymphocytic	Chronic lymphocytic leukemia	6	32638979	www.ncbi.nlm.nih.gov/pubmed/21131588	Genome-wide association study identifies a novel susceptibility locus at 6p21.3 among familial CLL.	HLA-DQA1	DQA1	DQA1_101	cancer1055	chronic lymphocytic	0.815	N			
HC91	psoriatic arthropathy	Psoriatic arthritis	6	31273332	www.ncbi.nlm.nih.gov/pubmed/20953186	Common variants at TRAF3IP2 are associated with susceptibility to psoriatic arthritis and psoriasis.	HLA-C	C	C_602	HC91	psoriatic arthropathy	1	Y  (HLA-wide AS)	http://onlinelibrary.wiley.com/doi/10.1002/art.33415/full	10.1002/art.33415	psoriasis
HC91	psoriatic arthropathy	Psoriatic arthritis	6	31285148	www.ncbi.nlm.nih.gov/pubmed/26626624	Genome-wide Association Analysis of Psoriatic Arthritis and Cutaneous Psoriasis Reveals Differences in Their Genetic Architecture.	HLA-C	C	C_602	HC91	psoriatic arthropathy	1	Y  (HLA-wide AS)	http://onlinelibrary.wiley.com/doi/10.1002/art.33415/full	10.1002/art.33415	psoriasis
HC91	psoriatic arthropathy	Psoriatic arthritis	6	31285148	www.ncbi.nlm.nih.gov/pubmed/26626624	Genome-wide Association Analysis of Psoriatic Arthritis and Cutaneous Psoriasis Reveals Differences in Their Genetic Architecture.	HLA-B	B	B_3901	HC91	psoriatic arthropathy	1	Y (HLA-wide AS)	http://journals.plos.org/plosgenetics/article?id=10.1371/journal.pgen.1002514	10.1371/journal.pgen.1002514	psoriasis
HC91	psoriatic arthropathy	Psoriatic arthritis	6	31285148	www.ncbi.nlm.nih.gov/pubmed/26626624	Genome-wide Association Analysis of Psoriatic Arthritis and Cutaneous Psoriasis Reveals Differences in Their Genetic Architecture.	HLA-B	B	B_2705	HC91	psoriatic arthropathy	1	Y (HLA-wide AS)	https://arthritis-research.biomedcentral.com/track/pdf/10.1186/s13075-015-0640-3?site=http://arthritis-research.biomedcentral.com	10.1186/s13075-015-0640-3	psoriatic arthropathy
HC49	hayfever/allergic rhinitis	Allergic rhinitis	6	32658626	www.ncbi.nlm.nih.gov/pubmed/30013184	Genome-wide association and HLA fine-mapping studies identify risk loci and genetic pathways underlying allergic rhinitis.	HLA-DQA1	DQA1	DQA1_103	HC49	hayfever/allergic rhinitis	0.917	N			
HC219	hypothyroidism/myxoedema	Hypothyroidism	6	32695854	www.ncbi.nlm.nih.gov/pubmed/22493691	Novel associations for hypothyroidism include known autoimmune risk loci.	HLA-DQB1	DQB1	DQB1_301	HC219	hypothyroidism/myxoedema	1	Y (HLA-wide AS)	http://journals.plos.org/plosone/article?id=10.1371/journal.pone.0016635		Has DQB1*03:02 rather than :01
HC219	hypothyroidism/myxoedema	Hypothyroidism	6	32658715	www.ncbi.nlm.nih.gov/pubmed/27182965	Detection and interpretation of shared genetic influences on 42 human traits.	HLA-DQB1	DQB1	DQB1_301	HC219	hypothyroidism/myxoedema	1	Y (HLA-wide AS)	http://journals.plos.org/plosone/article?id=10.1371/journal.pone.0016635		Has DQB1*03:02 rather than :01
HC219	hypothyroidism/myxoedema	Hypothyroidism	6	32695854	www.ncbi.nlm.nih.gov/pubmed/22493691	Novel associations for hypothyroidism include known autoimmune risk loci.	HLA-DQB1	DQB1	DQB1_201	HC219	hypothyroidism/myxoedema	0.975	Y (HLA-wide AS)	http://journals.plos.org/plosone/article?id=10.1371/journal.pone.0016635		Just DQB1*02
HC219	hypothyroidism/myxoedema	Hypothyroidism	6	32658715	www.ncbi.nlm.nih.gov/pubmed/27182965	Detection and interpretation of shared genetic influences on 42 human traits.	HLA-DQB1	DQB1	DQB1_201	HC219	hypothyroidism/myxoedema	0.975	Y (HLA-wide AS)	http://journals.plos.org/plosone/article?id=10.1371/journal.pone.0016635		Just DQB1*02
HC219	hypothyroidism/myxoedema	Hypothyroidism	6	32695854	www.ncbi.nlm.nih.gov/pubmed/22493691	Novel associations for hypothyroidism include known autoimmune risk loci.	HLA-DQA1	DQA1	DQA1_102	HC219	hypothyroidism/myxoedema	1	N			
HC219	hypothyroidism/myxoedema	Hypothyroidism	6	32658715	www.ncbi.nlm.nih.gov/pubmed/27182965	Detection and interpretation of shared genetic influences on 42 human traits.	HLA-DQA1	DQA1	DQA1_102	HC219	hypothyroidism/myxoedema	1	N			
HC219	hypothyroidism/myxoedema	Hypothyroidism	6	32695854	www.ncbi.nlm.nih.gov/pubmed/22493691	Novel associations for hypothyroidism include known autoimmune risk loci.	HLA-DQA1	DQA1	DQA1_301	HC219	hypothyroidism/myxoedema	1	N			
HC219	hypothyroidism/myxoedema	Hypothyroidism	6	32658715	www.ncbi.nlm.nih.gov/pubmed/27182965	Detection and interpretation of shared genetic influences on 42 human traits.	HLA-DQA1	DQA1	DQA1_301	HC219	hypothyroidism/myxoedema	1	N			
HC221	diabetes	Type 1 diabetes	6	32700133	www.ncbi.nlm.nih.gov/pubmed/17632545	A genome-wide association study identifies KIAA0350 as a type 1 diabetes gene.	HLA-DRB1	DRB1	DRB1_401	HC221	diabetes	1	Y	https://link.springer.com/article/10.1007/s11892-011-0223-x		type 1 diabetes
HC221	diabetes	Type 2 diabetes	6	32659937	www.ncbi.nlm.nih.gov/pubmed/30054458	Genome-wide association analyses identify 143 risk variants and putative regulatory mechanisms for type 2 diabetes.	HLA-DQB1	DQB1	DQB1_302	HC221	diabetes	1	Y	https://link.springer.com/article/10.1007/s11892-011-0223-x		type 1 diabetes
cancer1053	non-hodgkins lymphoma	Lymphoma	6	32700559	www.ncbi.nlm.nih.gov/pubmed/23349640	Susceptibility loci associated with specific and shared subtypes of lymphoid malignancies.	HLA-DQB1	DQB1	DQB1_501	cancer1053	non-hodgkins lymphoma	0.958	Y (HLA-wide AS)	http://onlinelibrary.wiley.com/doi/10.1111/j.1399-0039.2012.01845.x/full		Follicular lymphoma
cancer1053	non-hodgkins lymphoma	Lymphoma	6	32700323	www.ncbi.nlm.nih.gov/pubmed/23349640	Susceptibility loci associated with specific and shared subtypes of lymphoid malignancies.	HLA-DQB1	DQB1	DQB1_501	cancer1053	non-hodgkins lymphoma	0.958	Y (HLA-wide AS)	http://onlinelibrary.wiley.com/doi/10.1111/j.1399-0039.2012.01845.x/full		Follicular lymphoma
cancer1053	non-hodgkins lymphoma	Follicular lymphoma	6	32697643	www.ncbi.nlm.nih.gov/pubmed/20639881	Genome-wide association study of follicular lymphoma identifies a risk locus at 6p21.32.	HLA-DQB1	DQB1	DQB1_501	cancer1053	non-hodgkins lymphoma	0.958	Y (HLA-wide AS)	http://onlinelibrary.wiley.com/doi/10.1111/j.1399-0039.2012.01845.x/full		Follicular lymphoma
cancer1053	non-hodgkins lymphoma	Follicular lymphoma	6	32696681	www.ncbi.nlm.nih.gov/pubmed/21533074	GWAS of follicular lymphoma reveals allelic heterogeneity at 6p21.32 and suggests shared genetic susceptibility with diffuse large B-cell lymphoma.	HLA-DQB1	DQB1	DQB1_501	cancer1053	non-hodgkins lymphoma	0.958	Y (HLA-wide AS)	http://onlinelibrary.wiley.com/doi/10.1111/j.1399-0039.2012.01845.x/full		Follicular lymphoma
HC321	sjogren's syndrome/sicca syndrome	Sjögren's syndrome	6	32623176	www.ncbi.nlm.nih.gov/pubmed/24097066	A genome-wide association study in Han Chinese identifies a susceptibility locus for primary Sjögren's syndrome at 7q11.23.	HLA-DRB1	DRB1	DRB1_1301	HC321	sjogren's syndrome/sicca syndrome	0.952	Y	https://www.nature.com/articles/gene201640		general protective for autoimmune disorders
HC321	sjogren's syndrome/sicca syndrome	Sjögren's syndrome	6	32622724	www.ncbi.nlm.nih.gov/pubmed/28076899	Genome-Wide Association Analysis Reveals Genetic Heterogeneity of Sjögren's Syndrome According to Ancestry.	HLA-DRB1	DRB1	DRB1_1301	HC321	sjogren's syndrome/sicca syndrome	0.952	Y	https://www.nature.com/articles/gene201640		general protective for autoimmune disorders
HC78	arthritis (nos)	Rheumatoid arthritis	6	32696074	www.ncbi.nlm.nih.gov/pubmed/18668548	Genome-wide association study of rheumatoid arthritis in the Spanish population: KLF12 as a risk locus for rheumatoid arthritis susceptibility.	HLA-DQA1	DQA1	DQA1_301	HC78	arthritis (nos)	1	Y (HLA-wide AS)	http://onlinelibrary.wiley.com/doi/10.1034/j.1399-0039.1999.540603.x/full		"arthritis, Just DQA1*:03"
HC78	arthritis (nos)	Rheumatoid arthritis	6	32702178	www.ncbi.nlm.nih.gov/pubmed/23918589	"A genome-wide association study reveals ARL15, a novel non-HLA susceptibility gene for rheumatoid arthritis in North Indians."	HLA-DQA1	DQA1	DQA1_301	HC78	arthritis (nos)	1	Y (HLA-wide AS)	http://onlinelibrary.wiley.com/doi/10.1034/j.1399-0039.1999.540603.x/full		"arthritis, Just DQA1*:03"
HC17	diabetic eye disease	Neuromyelitis optica			www.ncbi.nlm.nih.gov/pubmed/29769526	A whole-genome sequence study identifies genetic risk factors for neuromyelitis optica.	HLA-DQB1	DQB1	DQB1_302	HC17	diabetic eye disease	1	Y	https://link.springer.com/article/10.1007/s11892-011-0223-x		type 1 diabetes
HC17	diabetic eye disease	Neuromyelitis optica			www.ncbi.nlm.nih.gov/pubmed/29769526	A whole-genome sequence study identifies genetic risk factors for neuromyelitis optica.	HLA-DQB1	DQB1	DQB1_201	HC17	diabetic eye disease	0.886	Y	https://link.springer.com/article/10.1007/s11892-011-0223-x		type 1 diabetes
HC303	malabsorption/coeliac disease	Celiac disease	6	32638107	www.ncbi.nlm.nih.gov/pubmed/20190752	Multiple common variants for celiac disease influencing immune gene expression.	HLA-DQB1	DQB1	DQB1_201	HC303	malabsorption/coeliac disease	1	Y	https://jbiomedsci.biomedcentral.com/articles/10.1186/1423-0127-19-88		
HC261	eczema/dermatitis	"Allergic disease (asthma, hay fever or eczema)"	6	31355235	www.ncbi.nlm.nih.gov/pubmed/29083406	"Shared genetic origin of asthma, hay fever and eczema elucidates allergic disease biology."	HLA-B	B	B_5701	HC261	eczema/dermatitis	0.881	N but ADR	https://journals.plos.org/plosone/article?id=10.1371/journal.pone.0124878; https://link.springer.com/content/pdf/10.1186%2Fs13321-018-0257-z.pdf; https://scinapse.io/papers/1970700764		"not direct association, but interesting one: acyclovir (which targets this allelotype) was used to treat eczema and resulted in rash. uncovered an ADR?"
HC261	eczema/dermatitis	"Allergic disease (asthma, hay fever or eczema)"	6	31383887	www.ncbi.nlm.nih.gov/pubmed/29083406	"Shared genetic origin of asthma, hay fever and eczema elucidates allergic disease biology."	HLA-B	B	B_5701	HC261	eczema/dermatitis	0.881	N but ADR	https://journals.plos.org/plosone/article?id=10.1371/journal.pone.0124878; https://link.springer.com/content/pdf/10.1186%2Fs13321-018-0257-z.pdf; https://scinapse.io/papers/1970700764		"not direct association, but interesting one: acyclovir (which targets this allelotype) was used to treat eczema and resulted in rash. uncovered an ADR?"
HC261	eczema/dermatitis	Atopic dermatitis	6	31356323	www.ncbi.nlm.nih.gov/pubmed/25574825	Genome-wide comparative analysis of atopic dermatitis and psoriasis gives insight into opposing genetic mechanisms.	HLA-B	B	B_5701	HC261	eczema/dermatitis	0.881	N but ADR	https://journals.plos.org/plosone/article?id=10.1371/journal.pone.0124878; https://link.springer.com/content/pdf/10.1186%2Fs13321-018-0257-z.pdf; https://scinapse.io/papers/1970700764		"not direct association, but interesting one: acyclovir (which targets this allelotype) was used to treat eczema and resulted in rash. uncovered an ADR?"
HC96	polymyalgia rheumatica	Rheumatoid arthritis	6	32614873	www.ncbi.nlm.nih.gov/pubmed/25014791	"Immunochip identifies novel, and replicates known, genetic risk loci for rheumatoid arthritis in black South Africans."	HLA-DRB1	DRB1	DRB1_401	HC96	polymyalgia rheumatica	1	Y (HLA-wide AS)	http://www.jrheum.org/content/28/1/122.short		early onset RA
HC96	polymyalgia rheumatica	Rheumatoid arthritis	6	32606394	www.ncbi.nlm.nih.gov/pubmed/17554300	"Genome-wide association study of 14,000 cases of seven common diseases and 3,000 shared controls."	HLA-DRB1	DRB1	DRB1_401	HC96	polymyalgia rheumatica	1	Y (HLA-wide AS)	http://www.jrheum.org/content/28/1/122.short		early onset RA
HC96	polymyalgia rheumatica	Rheumatoid arthritis	6	32609603	www.ncbi.nlm.nih.gov/pubmed/17804836	TRAF1-C5 as a risk locus for rheumatoid arthritis--a genomewide study.	HLA-DRB1	DRB1	DRB1_401	HC96	polymyalgia rheumatica	1	Y (HLA-wide AS)	http://www.jrheum.org/content/28/1/122.short		early onset RA
HC96	polymyalgia rheumatica	Rheumatoid arthritis	6	32696222	www.ncbi.nlm.nih.gov/pubmed/18794853	Common variants at CD40 and other loci confer risk of rheumatoid arthritis.	HLA-DRB1	DRB1	DRB1_401	HC96	polymyalgia rheumatica	1	Y (HLA-wide AS)	http://www.jrheum.org/content/28/1/122.short		early onset RA
HC96	polymyalgia rheumatica	Rheumatoid arthritis	6	32713151	www.ncbi.nlm.nih.gov/pubmed/21452313	Genome-wide association study of rheumatoid arthritis in Koreans: population-specific loci as well as overlap with European susceptibility loci.	HLA-DRB1	DRB1	DRB1_401	HC96	polymyalgia rheumatica	1	Y (HLA-wide AS)	http://www.jrheum.org/content/28/1/122.short		early onset RA
HC96	polymyalgia rheumatica	Rheumatoid arthritis	6	32460995	www.ncbi.nlm.nih.gov/pubmed/24390342	Genetics of rheumatoid arthritis contributes to biology and drug discovery.	HLA-DRB1	DRB1	DRB1_401	HC96	polymyalgia rheumatica	1	Y (HLA-wide AS)	http://www.jrheum.org/content/28/1/122.short		early onset RA
HC96	polymyalgia rheumatica	Rheumatoid arthritis	6	32703326	www.ncbi.nlm.nih.gov/pubmed/20453841	A regulatory variant in CCR6 is associated with rheumatoid arthritis susceptibility.	HLA-DRB1	DRB1	DRB1_401	HC96	polymyalgia rheumatica	1	Y (HLA-wide AS)	http://www.jrheum.org/content/28/1/122.short		early onset RA
HC96	polymyalgia rheumatica	Rheumatoid arthritis	6	32315077	www.ncbi.nlm.nih.gov/pubmed/20453842	Genome-wide association study meta-analysis identifies seven new rheumatoid arthritis risk loci.	HLA-DRB1	DRB1	DRB1_401	HC96	polymyalgia rheumatica	1	Y (HLA-wide AS)	http://www.jrheum.org/content/28/1/122.short		early onset RA
HC96	polymyalgia rheumatica	Rheumatoid arthritis	6	32484011	www.ncbi.nlm.nih.gov/pubmed/28118524	A Multinational Arab Genome-Wide Association Study Identifies New Genetic Associations for Rheumatoid Arthritis.	HLA-DRB1	DRB1	DRB1_401	HC96	polymyalgia rheumatica	1	Y (HLA-wide AS)	http://www.jrheum.org/content/28/1/122.short		early onset RA
HC96	polymyalgia rheumatica	Rheumatoid arthritis	6	32614873	www.ncbi.nlm.nih.gov/pubmed/25014791	"Immunochip identifies novel, and replicates known, genetic risk loci for rheumatoid arthritis in black South Africans."	HLA-DRB1	DRB1	DRB1_404	HC96	polymyalgia rheumatica	1	Y (HLA-wide AS)	https://arthritis-research.biomedcentral.com/articles/10.1186/s13075-015-0692-4		Rhematoid arthritis
HC96	polymyalgia rheumatica	Rheumatoid arthritis	6	32606394	www.ncbi.nlm.nih.gov/pubmed/17554300	"Genome-wide association study of 14,000 cases of seven common diseases and 3,000 shared controls."	HLA-DRB1	DRB1	DRB1_404	HC96	polymyalgia rheumatica	1	Y (HLA-wide AS)	https://arthritis-research.biomedcentral.com/articles/10.1186/s13075-015-0692-4		Rhematoid arthritis
HC96	polymyalgia rheumatica	Rheumatoid arthritis	6	32609603	www.ncbi.nlm.nih.gov/pubmed/17804836	TRAF1-C5 as a risk locus for rheumatoid arthritis--a genomewide study.	HLA-DRB1	DRB1	DRB1_404	HC96	polymyalgia rheumatica	1	Y (HLA-wide AS)	https://arthritis-research.biomedcentral.com/articles/10.1186/s13075-015-0692-4		Rhematoid arthritis
HC96	polymyalgia rheumatica	Rheumatoid arthritis	6	32696222	www.ncbi.nlm.nih.gov/pubmed/18794853	Common variants at CD40 and other loci confer risk of rheumatoid arthritis.	HLA-DRB1	DRB1	DRB1_404	HC96	polymyalgia rheumatica	1	Y (HLA-wide AS)	https://arthritis-research.biomedcentral.com/articles/10.1186/s13075-015-0692-4		Rhematoid arthritis
HC96	polymyalgia rheumatica	Rheumatoid arthritis	6	32713151	www.ncbi.nlm.nih.gov/pubmed/21452313	Genome-wide association study of rheumatoid arthritis in Koreans: population-specific loci as well as overlap with European susceptibility loci.	HLA-DRB1	DRB1	DRB1_404	HC96	polymyalgia rheumatica	1	Y (HLA-wide AS)	https://arthritis-research.biomedcentral.com/articles/10.1186/s13075-015-0692-4		Rhematoid arthritis
HC96	polymyalgia rheumatica	Rheumatoid arthritis	6	32460995	www.ncbi.nlm.nih.gov/pubmed/24390342	Genetics of rheumatoid arthritis contributes to biology and drug discovery.	HLA-DRB1	DRB1	DRB1_404	HC96	polymyalgia rheumatica	1	Y (HLA-wide AS)	https://arthritis-research.biomedcentral.com/articles/10.1186/s13075-015-0692-4		Rhematoid arthritis
HC96	polymyalgia rheumatica	Rheumatoid arthritis	6	32703326	www.ncbi.nlm.nih.gov/pubmed/20453841	A regulatory variant in CCR6 is associated with rheumatoid arthritis susceptibility.	HLA-DRB1	DRB1	DRB1_404	HC96	polymyalgia rheumatica	1	Y (HLA-wide AS)	https://arthritis-research.biomedcentral.com/articles/10.1186/s13075-015-0692-4		Rhematoid arthritis
HC96	polymyalgia rheumatica	Rheumatoid arthritis	6	32315077	www.ncbi.nlm.nih.gov/pubmed/20453842	Genome-wide association study meta-analysis identifies seven new rheumatoid arthritis risk loci.	HLA-DRB1	DRB1	DRB1_404	HC96	polymyalgia rheumatica	1	Y (HLA-wide AS)	https://arthritis-research.biomedcentral.com/articles/10.1186/s13075-015-0692-4		Rhematoid arthritis
HC96	polymyalgia rheumatica	Rheumatoid arthritis	6	32484011	www.ncbi.nlm.nih.gov/pubmed/28118524	A Multinational Arab Genome-Wide Association Study Identifies New Genetic Associations for Rheumatoid Arthritis.	HLA-DRB1	DRB1	DRB1_404	HC96	polymyalgia rheumatica	1	Y (HLA-wide AS)	https://arthritis-research.biomedcentral.com/articles/10.1186/s13075-015-0692-4		Rhematoid arthritis
HC170	sarcoidosis	Sarcoidosis (Lofgren's syndrome vs non-Lofgren's syndrome)	6	31278044	www.ncbi.nlm.nih.gov/pubmed/26651848	High-Density Genetic Mapping Identifies New Susceptibility Variants in Sarcoidosis Phenotypes and Shows Genomic-driven Phenotypic Differences.	HLA-B	B	B_801	HC170	sarcoidosis	1	N			
HC170	sarcoidosis	Sarcoidosis (non-Lofgren's syndrome without extrapulmonary manifestations)	6	32712293	www.ncbi.nlm.nih.gov/pubmed/26651848	High-Density Genetic Mapping Identifies New Susceptibility Variants in Sarcoidosis Phenotypes and Shows Genomic-driven Phenotypic Differences.	HLA-DQB1	DQB1	DQB1_503	HC170	sarcoidosis	0.966	N			
cancer1060	non-melanoma skin cancer	Basal cell carcinoma	6	31356838	www.ncbi.nlm.nih.gov/pubmed/27539887	Genome-wide association study identifies 14 novel risk alleles associated with basal cell carcinoma.	HLA-B	B	B_4001	cancer1060	non-melanoma skin cancer	0.965	N			
HC136	connective tissue disorder	Rheumatoid arthritis	6	32614873	www.ncbi.nlm.nih.gov/pubmed/25014791	"Immunochip identifies novel, and replicates known, genetic risk loci for rheumatoid arthritis in black South Africans."	HLA-DRB1	DRB1	DRB1_404	HC136	connective tissue disorder	0.999	Y (HLA-wide AS)	https://arthritis-research.biomedcentral.com/articles/10.1186/s13075-015-0692-4		Rhematoid arthritis
HC136	connective tissue disorder	Rheumatoid arthritis	6	32606394	www.ncbi.nlm.nih.gov/pubmed/17554300	"Genome-wide association study of 14,000 cases of seven common diseases and 3,000 shared controls."	HLA-DRB1	DRB1	DRB1_404	HC136	connective tissue disorder	0.999	Y (HLA-wide AS)	https://arthritis-research.biomedcentral.com/articles/10.1186/s13075-015-0692-4		Rhematoid arthritis
HC136	connective tissue disorder	Rheumatoid arthritis	6	32609603	www.ncbi.nlm.nih.gov/pubmed/17804836	TRAF1-C5 as a risk locus for rheumatoid arthritis--a genomewide study.	HLA-DRB1	DRB1	DRB1_404	HC136	connective tissue disorder	0.999	Y (HLA-wide AS)	https://arthritis-research.biomedcentral.com/articles/10.1186/s13075-015-0692-4		Rhematoid arthritis
HC136	connective tissue disorder	Rheumatoid arthritis	6	32696222	www.ncbi.nlm.nih.gov/pubmed/18794853	Common variants at CD40 and other loci confer risk of rheumatoid arthritis.	HLA-DRB1	DRB1	DRB1_404	HC136	connective tissue disorder	0.999	Y (HLA-wide AS)	https://arthritis-research.biomedcentral.com/articles/10.1186/s13075-015-0692-4		Rhematoid arthritis
HC136	connective tissue disorder	Rheumatoid arthritis	6	32713151	www.ncbi.nlm.nih.gov/pubmed/21452313	Genome-wide association study of rheumatoid arthritis in Koreans: population-specific loci as well as overlap with European susceptibility loci.	HLA-DRB1	DRB1	DRB1_404	HC136	connective tissue disorder	0.999	Y (HLA-wide AS)	https://arthritis-research.biomedcentral.com/articles/10.1186/s13075-015-0692-4		Rhematoid arthritis
HC136	connective tissue disorder	Rheumatoid arthritis	6	32460995	www.ncbi.nlm.nih.gov/pubmed/24390342	Genetics of rheumatoid arthritis contributes to biology and drug discovery.	HLA-DRB1	DRB1	DRB1_404	HC136	connective tissue disorder	0.999	Y (HLA-wide AS)	https://arthritis-research.biomedcentral.com/articles/10.1186/s13075-015-0692-4		Rhematoid arthritis
HC136	connective tissue disorder	Rheumatoid arthritis	6	32703326	www.ncbi.nlm.nih.gov/pubmed/20453841	A regulatory variant in CCR6 is associated with rheumatoid arthritis susceptibility.	HLA-DRB1	DRB1	DRB1_404	HC136	connective tissue disorder	0.999	Y (HLA-wide AS)	https://arthritis-research.biomedcentral.com/articles/10.1186/s13075-015-0692-4		Rhematoid arthritis
HC136	connective tissue disorder	Rheumatoid arthritis	6	32315077	www.ncbi.nlm.nih.gov/pubmed/20453842	Genome-wide association study meta-analysis identifies seven new rheumatoid arthritis risk loci.	HLA-DRB1	DRB1	DRB1_404	HC136	connective tissue disorder	0.999	Y (HLA-wide AS)	https://arthritis-research.biomedcentral.com/articles/10.1186/s13075-015-0692-4		Rhematoid arthritis
HC136	connective tissue disorder	Rheumatoid arthritis	6	32484011	www.ncbi.nlm.nih.gov/pubmed/28118524	A Multinational Arab Genome-Wide Association Study Identifies New Genetic Associations for Rheumatoid Arthritis.	HLA-DRB1	DRB1	DRB1_404	HC136	connective tissue disorder	0.999	Y (HLA-wide AS)	https://arthritis-research.biomedcentral.com/articles/10.1186/s13075-015-0692-4		Rhematoid arthritis
HC136	connective tissue disorder	Systemic lupus erythematosus			www.ncbi.nlm.nih.gov/pubmed/26606652	Genome-Wide Association Study in an Amerindian Ancestry Population Reveals Novel Systemic Lupus Erythematosus Risk Loci and the Role of European Admixture.	HLA-DRB1	DRB1	DRB1_404	HC136	connective tissue disorder	0.999	Y (HLA-wide AS)	https://arthritis-research.biomedcentral.com/articles/10.1186/s13075-015-0692-4		Rhematoid arthritis
HC136	connective tissue disorder	Systemic lupus erythematosus	6	32606214	www.ncbi.nlm.nih.gov/pubmed/23273568	"Meta-analysis followed by replication identifies loci in or near CDKN1B, TET3, CD80, DRAM1, and ARID5B as associated with systemic lupus erythematosus in Asians."	HLA-DRB1	DRB1	DRB1_404	HC136	connective tissue disorder	0.999	Y (HLA-wide AS)	https://arthritis-research.biomedcentral.com/articles/10.1186/s13075-015-0692-4		Rhematoid arthritis
HC136	connective tissue disorder	Systemic lupus erythematosus	6	32608701	www.ncbi.nlm.nih.gov/pubmed/19838193	Genome-wide association study in a Chinese Han population identifies nine new susceptibility loci for systemic lupus erythematosus.	HLA-DRB1	DRB1	DRB1_404	HC136	connective tissue disorder	0.999	Y (HLA-wide AS)	https://arthritis-research.biomedcentral.com/articles/10.1186/s13075-015-0692-4		Rhematoid arthritis
HC136	connective tissue disorder	Systemic lupus erythematosus			www.ncbi.nlm.nih.gov/pubmed/24871463	GWAS identifies novel SLE susceptibility genes and explains the association of the HLA region.	HLA-DRB1	DRB1	DRB1_404	HC136	connective tissue disorder	0.999	Y (HLA-wide AS)	https://arthritis-research.biomedcentral.com/articles/10.1186/s13075-015-0692-4		Rhematoid arthritis
HC136	connective tissue disorder	Systemic lupus erythematosus	6	32440720	www.ncbi.nlm.nih.gov/pubmed/19838195	"A large-scale replication study identifies TNIP1, PRDM1, JAZF1, UHRF1BP1 and IL10 as risk loci for systemic lupus erythematosus."	HLA-DRB1	DRB1	DRB1_404	HC136	connective tissue disorder	0.999	Y (HLA-wide AS)	https://arthritis-research.biomedcentral.com/articles/10.1186/s13075-015-0692-4		Rhematoid arthritis
HC136	connective tissue disorder	Systemic lupus erythematosus	6	32619077	www.ncbi.nlm.nih.gov/pubmed/19838195	"A large-scale replication study identifies TNIP1, PRDM1, JAZF1, UHRF1BP1 and IL10 as risk loci for systemic lupus erythematosus."	HLA-DRB1	DRB1	DRB1_404	HC136	connective tissue disorder	0.999	Y (HLA-wide AS)	https://arthritis-research.biomedcentral.com/articles/10.1186/s13075-015-0692-4		Rhematoid arthritis
HC136	connective tissue disorder	Sjögren's syndrome	6	32623176	www.ncbi.nlm.nih.gov/pubmed/24097066	A genome-wide association study in Han Chinese identifies a susceptibility locus for primary Sjögren's syndrome at 7q11.23.	HLA-DRB1	DRB1	DRB1_404	HC136	connective tissue disorder	0.999	Y (HLA-wide AS)	https://arthritis-research.biomedcentral.com/articles/10.1186/s13075-015-0692-4		Rhematoid arthritis
HC136	connective tissue disorder	Sjögren's syndrome	6	32622724	www.ncbi.nlm.nih.gov/pubmed/28076899	Genome-Wide Association Analysis Reveals Genetic Heterogeneity of Sjögren's Syndrome According to Ancestry.	HLA-DRB1	DRB1	DRB1_404	HC136	connective tissue disorder	0.999	Y (HLA-wide AS)	https://arthritis-research.biomedcentral.com/articles/10.1186/s13075-015-0692-4		Rhematoid arthritis
HC136	connective tissue disorder	Rheumatoid arthritis	6	32696074	www.ncbi.nlm.nih.gov/pubmed/18668548	Genome-wide association study of rheumatoid arthritis in the Spanish population: KLF12 as a risk locus for rheumatoid arthritis susceptibility.	HLA-DQA1	DQA1	DQA1_301	HC136	connective tissue disorder	0.999	Y (HLA-wide AS)	http://onlinelibrary.wiley.com/doi/10.1034/j.1399-0039.1999.540603.x/full		"arthritis, Just DQA1*:03"
HC136	connective tissue disorder	Rheumatoid arthritis	6	32702178	www.ncbi.nlm.nih.gov/pubmed/23918589	"A genome-wide association study reveals ARL15, a novel non-HLA susceptibility gene for rheumatoid arthritis in North Indians."	HLA-DQA1	DQA1	DQA1_301	HC136	connective tissue disorder	0.999	Y (HLA-wide AS)	http://onlinelibrary.wiley.com/doi/10.1034/j.1399-0039.1999.540603.x/full		"arthritis, Just DQA1*:03"
HC136	connective tissue disorder	Cutaneous lupus erythematosus	6	32638107	www.ncbi.nlm.nih.gov/pubmed/25827949	Genome-wide association study identifies new susceptibility loci for cutaneous lupus erythematosus.	HLA-DQA1	DQA1	DQA1_301	HC136	connective tissue disorder	0.999	Y (HLA-wide AS)	http://onlinelibrary.wiley.com/doi/10.1034/j.1399-0039.1999.540603.x/full		"arthritis, Just DQA1*:03"
HC136	connective tissue disorder	Systemic lupus erythematosus	6	32638107	www.ncbi.nlm.nih.gov/pubmed/18204098	Association of systemic lupus erythematosus with C8orf13-BLK and ITGAM-ITGAX.	HLA-DQA1	DQA1	DQA1_301	HC136	connective tissue disorder	0.999	Y (HLA-wide AS)	http://onlinelibrary.wiley.com/doi/10.1034/j.1399-0039.1999.540603.x/full		"arthritis, Just DQA1*:03"
HC136	connective tissue disorder	Systemic lupus erythematosus	6	32696681	www.ncbi.nlm.nih.gov/pubmed/21408207	Differential genetic associations for systemic lupus erythematosus based on anti-dsDNA autoantibody production.	HLA-DQA1	DQA1	DQA1_301	HC136	connective tissue disorder	0.999	Y (HLA-wide AS)	http://onlinelibrary.wiley.com/doi/10.1034/j.1399-0039.1999.540603.x/full		"arthritis, Just DQA1*:03"
HC136	connective tissue disorder	Systemic lupus erythematosus			www.ncbi.nlm.nih.gov/pubmed/26606652	Genome-Wide Association Study in an Amerindian Ancestry Population Reveals Novel Systemic Lupus Erythematosus Risk Loci and the Role of European Admixture.	HLA-DQA1	DQA1	DQA1_301	HC136	connective tissue disorder	0.999	Y (HLA-wide AS)	http://onlinelibrary.wiley.com/doi/10.1034/j.1399-0039.1999.540603.x/full		"arthritis, Just DQA1*:03"
HC136	connective tissue disorder	Systemic lupus erythematosus	6	32638107	www.ncbi.nlm.nih.gov/pubmed/26316170	Identification of a New Susceptibility Locus for Systemic Lupus Erythematosus on Chromosome 12 in Individuals of European Ancestry.	HLA-DQA1	DQA1	DQA1_301	HC136	connective tissue disorder	0.999	Y (HLA-wide AS)	http://onlinelibrary.wiley.com/doi/10.1034/j.1399-0039.1999.540603.x/full		"arthritis, Just DQA1*:03"
HC136	connective tissue disorder	Systemic lupus erythematosus			www.ncbi.nlm.nih.gov/pubmed/24871463	GWAS identifies novel SLE susceptibility genes and explains the association of the HLA region.	HLA-DQA1	DQA1	DQA1_301	HC136	connective tissue disorder	0.999	Y (HLA-wide AS)	http://onlinelibrary.wiley.com/doi/10.1034/j.1399-0039.1999.540603.x/full		"arthritis, Just DQA1*:03"
HC136	connective tissue disorder	Sjögren's syndrome	6	32623176	www.ncbi.nlm.nih.gov/pubmed/24097066	A genome-wide association study in Han Chinese identifies a susceptibility locus for primary Sjögren's syndrome at 7q11.23.	HLA-DQA1	DQA1	DQA1_301	HC136	connective tissue disorder	0.999	Y (HLA-wide AS)	http://onlinelibrary.wiley.com/doi/10.1034/j.1399-0039.1999.540603.x/full		"arthritis, Just DQA1*:03"
HC136	connective tissue disorder	Sjögren's syndrome	6	32622724	www.ncbi.nlm.nih.gov/pubmed/28076899	Genome-Wide Association Analysis Reveals Genetic Heterogeneity of Sjögren's Syndrome According to Ancestry.	HLA-DQA1	DQA1	DQA1_301	HC136	connective tissue disorder	0.999	Y (HLA-wide AS)	http://onlinelibrary.wiley.com/doi/10.1034/j.1399-0039.1999.540603.x/full		"arthritis, Just DQA1*:03"
HC136	connective tissue disorder	Sjögren's syndrome	6	32629287	www.ncbi.nlm.nih.gov/pubmed/24097067	Variants at multiple loci implicated in both innate and adaptive immune responses are associated with Sjögren's syndrome.	HLA-DQA1	DQA1	DQA1_301	HC136	connective tissue disorder	0.999	Y (HLA-wide AS)	http://onlinelibrary.wiley.com/doi/10.1034/j.1399-0039.1999.540603.x/full		"arthritis, Just DQA1*:03"
HC136	connective tissue disorder	Immunoglobulin A vasculitis	6	32693798	www.ncbi.nlm.nih.gov/pubmed/28698626	A genome-wide association study suggests the HLA Class II region as the major susceptibility locus for IgA vasculitis.	HLA-DQA1	DQA1	DQA1_301	HC136	connective tissue disorder	0.999	Y (HLA-wide AS)	http://onlinelibrary.wiley.com/doi/10.1034/j.1399-0039.1999.540603.x/full		"arthritis, Just DQA1*:03"
HC136	connective tissue disorder	Antineutrophil cytoplasmic antibody-associated vasculitis	6	32632280	www.ncbi.nlm.nih.gov/pubmed/28029757	Identification of Functional and Expression Polymorphisms Associated With Risk for Antineutrophil Cytoplasmic Autoantibody-Associated Vasculitis.	HLA-DQA1	DQA1	DQA1_301	HC136	connective tissue disorder	0.999	Y (HLA-wide AS)	http://onlinelibrary.wiley.com/doi/10.1034/j.1399-0039.1999.540603.x/full		"arthritis, Just DQA1*:03"
HC136	connective tissue disorder	Systemic lupus erythematosus			www.ncbi.nlm.nih.gov/pubmed/26606652	Genome-Wide Association Study in an Amerindian Ancestry Population Reveals Novel Systemic Lupus Erythematosus Risk Loci and the Role of European Admixture.	HLA-B	B	B_801	HC136	connective tissue disorder	0.999	Y (HLA-wide AS)	http://onlinelibrary.wiley.com/doi/10.1002/art.33415/full	10.1002/art.33415	psoriatic arthritis/psoriasis
HC136	connective tissue disorder	Systemic lupus erythematosus			www.ncbi.nlm.nih.gov/pubmed/28714469	Transancestral mapping and genetic load in systemic lupus erythematosus.	HLA-B	B	B_801	HC136	connective tissue disorder	0.999	Y (HLA-wide AS)	http://onlinelibrary.wiley.com/doi/10.1002/art.33415/full	10.1002/art.33415	psoriatic arthritis/psoriasis
cancer1037	female genital tract cancer	Cervical cancer	6	32633026	www.ncbi.nlm.nih.gov/pubmed/23482656	Genome-wide association study of susceptibility loci for cervical cancer.	HLA-DQA1	DQA1	DQA1_301	cancer1037	female genital tract cancer	1	Y (HLA-wide AS)	http://www.jstor.org/stable/pdf/41465746.pdf		"cervical cancer, specifically"
cancer1037	female genital tract cancer	Cervical cancer			www.ncbi.nlm.nih.gov/pubmed/28806749	Defining the genetic susceptibility to cervical neoplasia-A genome-wide association study.	HLA-DQA1	DQA1	DQA1_301	cancer1037	female genital tract cancer	1	Y (HLA-wide AS)	http://www.jstor.org/stable/pdf/41465746.pdf		"cervical cancer, specifically"
								DQB1	DQB1_501	cancer1003	skin cancer	0.869	N			only cervical
								DQB1	DQB1_302	cancer1003	skin cancer	0.869	Y	https://www.ncbi.nlm.nih.gov/pubmed/7960221		"same allele group, adjacent coded protein"
								DQB1	DQB1_501	cancer1060	non-melanoma skin cancer	0.983	N			
								DQB1	DQB1_302	cancer1060	non-melanoma skin cancer	0.965	N			
								DQA1	DQA1_301	HC156	nasal polyps	0.968	N			
								DQA1	DQA1_101	HC169	pernicious anaemia	0.97	N			
								B	B_3906	HC169	pernicious anaemia	0.866	N			
								DRB3	DRB3_9901	HC170	sarcoidosis	1	N			
								DRB4	DRB4_101	HC261	eczema/dermatitis	0.828	N			
								B	B_702	HC269	high cholesterol	0.954	N			
								B	B_702	HC273	essential hypertension	0.892	N			
								DPB1	DPB1_401	HC28	bronchiectasis	1	N			links to rheumatoid arthritis papers
								DQB1	DQB1_303	HC28	bronchiectasis	0.965	Contradiction	"http://onlinelibrary.wiley.com/doi/10.1111/j.1365-2249.2008.03596.x/full, https://www.ncbi.nlm.nih.gov/pmc/articles/PMC2384066/"		Shows insignificant
								A	A_2608	HC28	bronchiectasis	0.853	N			
								B	B_801	HC303	malabsorption/coeliac disease	1	N			
								DPA1	DPA1_201	HC303	malabsorption/coeliac disease	1	N			
								B	B_801	HC310	hiatus hernia	0.927	N			
								B	B_801	HC321	sjogren's syndrome/sicca syndrome	1	N			
								A	A_101	HC401	varicose veins	0.878	N			
								DRB3	DRB3_9901	HC430	rheumatoid arthritis	1	N			
								DRB1	DRB1_404	HC49	hayfever/allergic rhinitis	0.917	N			
								B	B_801	HC55	hyperthyroidism/thyrotoxicosis	0.933	N			
								DQA1	DQA1_501	HC55	hyperthyroidism/thyrotoxicosis	0.883	Y  (HLA-wide AS)	https://academic.oup.com/jcem/article/99/1/E177/2836486		autoimmune polyglandular syndrome
								Number of allelotypes in column:	Number of allelotypes in column:		Number of diseases in column:					
								#REF!	#REF!		#REF!					
