,DQB1_201,DQB1_202,DQB1_301,DQB1_302,DQB1_303,DQB1_304,DQB1_401,DQB1_402,DQB1_501,DQB1_502,DQB1_503,DQB1_504,DQB1_601,DQB1_602,DQB1_603,DQB1_604,DQB1_605,DQB1_609
HC0,,,,,,,,,,,,,,,,,,
HC1,,,,,,,,,,,,,0.0,,,,,
HC2,,,,,,,,,,,,,,,,,,
HC4,,,,,,,0.0,,,,,,,0.032,,,,
HC5,0.039,,,,,,,,,,,,,,,,,
HC6,,,,,,,,,,,,,,,,,,
HC7,,,,,,,,,0.0,,,,,,,,,
HC8,,,,,,,,,,,,,,,,,,
HC9,,,,,,,,,,,,0.0,0.039,,,,,
HC11,,0.0,,,,,,,,,,,,,,,,
HC12,,,,,0.0,,,,0.0,,,,,,,,,
HC13,,,0.306,,,,,,,,,,,,,,,
HC14,,,,,,,,,,,,,,,,0.0,,
HC15,,,,,,,,,,,,,,,,,,0.0
HC16,,0.0,,,,,,0.0,,,,,,,,,,
HC17,0.786,,,0.981,,,,,,,,,,,,,,
HC18,,,,,,,,,,,,,,,,,,
HC19,,,,,,,,,,,,,,,0.0,,,
HC21,,,,,,,,,,,,,,,,,,
HC22,0.42,,,,0.184,,,,,,,,,,,,,
HC23,,,,,,,,,,,,,,0.0,,,,
HC24,,,,,,,,,,,,,,,,,,
HC25,0.204,,,,,,,,,,,,,,,,,
HC26,,,,0.0,,,,0.0,,,,,,,,,,
HC27,,,,,,,,,,,,,,,,,,
HC28,,,,,0.65,,,,,,,,,,,,,
HC30,,,,,,,,,,,,,,,,,,
HC31,,,0.0,,,,,,,,,,,,,,,
HC32,,,0.0,,,,,,,,,,,,,,,
HC33,,,,,,,,,,,,,,,,,,
HC34,,,,,,,,,,,,,,,,,,
HC35,,,,,,,0.0,,,,,,,,,,,
HC36,,,,,,,,,,,,,,,,,,
HC37,,,,,,,,,,0.0,,,,,,,,
HC38,,,,,0.0,,,,,,,,,,,,,
HC39,,,,,,,,,0.233,,,,,0.086,,,,
HC40,,,,,,,,,,,,,,,,,,
HC41,,,,,,,,,,,,,,,,,,
HC42,,,,,,,,,,,,,,,,,,
HC43,,,,,,,,,,,,,,,,,,
HC44,,,,,,,,,0.056,,,,,,,,,
HC45,,,,0.075,,,,,,,,,,,,,,
HC46,,,,,,,,,,,0.0,,,,,,,
HC47,,,,,0.0,0.044,,,,,,,,,,,,
HC48,,,,,,,,,,,,0.039,,,,,,
HC49,,,,,,,,,,,,,,,0.0,,,
HC50,,,,,,,,,,,0.0,,,,,,,
HC51,,,,,,,,,,,0.0,,,,,,,
HC52,,,,,,,,,,,,,,,,,,0.0
HC53,,0.0,,,,,,,0.17,,,,,,,,,
HC54,,,,,,,,,,,,,,,,,,
HC55,0.215,,,,,,,,,,,,,,,,,
HC56,,,,,,,,,,,,,,,,,,
HC57,,,,,,,,,,,,,,,,,,
HC58,,,,,,,,,,,,,,,,,,
HC59,,,,,,,,,,,,,,,,,,
HC60,,,,,,,,,,,,,,,,,,
HC61,,,,,,,,,,,,,,,,,,
HC62,,,,,,,,,,,,,,,,,,
HC63,0.0,,,,,,,,,,,,,,,,,
HC64,,,,,0.0,,,,,,,,,,,,,
HC66,,,,,,,1.0,,,,,,0.0,,,,,
HC67,,0.0,,,,,,,,,,,,,,,,
HC68,0.0,,,,,,,,,,,,,,,,,
HC69,,,0.0,,,,,,,,,,,,,,,
HC70,,,,,,0.0,,,0.0,,,,,,,,,
HC71,,,,0.217,,,,,,,,,,,,,,
HC72,,,,,,,,,0.0,,,,,,,,,
HC73,,,,,,,,0.0,,0.0,,,,,,,,
HC75,,,,,,,,0.0,,0.0,,,,,,,,
HC76,,,,,,,,,,,0.0,,,,,0.0,,
HC77,,,,,,,,,,,,,,0.051,,,,
HC78,,,,0.0,,,,,,,,,,0.042,,,,
HC79,0.0,,,,,,,,,0.0,,,,,,,,
HC80,,0.0,,,,,,,,,,,,,,,,0.0
HC81,,,0.0,,,,,,,,,,,,,,,
HC82,,,,,,,,,,,,,,,,,,
HC83,,,,,,,,,0.032,,,,,,,,,
HC84,,,,,,,,0.0,,,,0.0,,,0.079,,,
HC85,,,,,,,,,0.0,,,,,,,,,
HC86,,,,,,,,,,,,,,,,,,
HC87,,,,,,,,0.0,,,,,,,,,,0.0
HC88,,,,,,,0.0,,,,,,,,,,,
HC89,,,,,,,,,,,,,,,,,,
HC90,,,,,0.0,,,,,,,,,,,,,
HC91,,,,,0.155,,,,,,,,,,,,,
HC92,,,,,,,,0.0,,,,,,,,,,
HC93,,,,,,,,,,0.0,,,,,,,,
HC94,,,,,,,,,,,,,,,0.0,,,
HC95,0.763,,,0.0,,,,,0.0,,,,,,,,,
HC96,,,,0.0,,,,,,,,,,,,,,
HC97,0.0,,,,,0.0,,,,,,,,,,,,
HC98,,,,,,,,,,,,,,,,,,
HC99,0.0,,,,,,,,,,,,,,0.0,,,
HC100,,,,,,,,,,,,0.0,,,,,,
HC101,,,,,,,,,,,,,,,,,,0.0
HC102,,,,,,,,,,,,,,,,,,
HC103,0.0,,,,,,,,,,,,,,,,,
HC104,,,,,,,,,,,,,,,,,,
HC105,,,,,,,,,,,,0.0,,,,,,
HC106,,,,0.0,,,,,,,,,,,,,,
HC108,,,,,,,,,,,,,,,,,,
HC109,,,,,,,,,,,,,0.0,,,,,
HC110,,,,,,,,,,,,,,,,,,
HC111,,,,,,,,,,,,,,,,,,
HC112,,,,,,,,,,,,,,,0.039,,,
HC113,,,,,0.079,,,,,,,,,,,,,
HC114,,,,,,,,,,,,,,,,,,
HC115,,,,,,,,,0.0,,,,,0.0,,,,
HC116,,,,,,0.089,,,,,,,,0.0,0.0,,,
HC117,,,,,,,,,,,,,,,,,,
HC118,,,,,,,,,,,,,,,,,,
HC119,,,,,,,,,,,,,,,,,,
HC120,,,,,,,,,,,,,,,,,,
HC121,,,,,,,,,,,,,0.0,,,,,
HC122,,,,,,,,,,,,,0.0,,,,,
HC123,,,,,,,,,,,,,0.0,,,,,
HC124,,,,,,,,,,,,,,,0.0,,,
HC125,0.609,,,,,,,,0.0,,,,,,,,,
HC126,,,,,,,,,,,,,0.047,,,0.0,,
HC128,,,,,,,,,,,,,,,,,,
HC129,,,,,,,,,,,,,,,,,,
HC130,,,0.0,,,0.0,,,,,,,,,,,,
HC131,,,,,,,,,0.035,,,,,,,,,
HC132,,,,,,,,,,,,,,0.0,,,,
HC133,,,,,,,,,,,,,,,,,,
HC134,,,,,,,,,,,,,,,,,0.0,
HC135,,,,,,,,,,,,0.0,,,,,,
HC136,0.0,,,0.0,,,,,,,,,,,,,,
HC137,,,,,,,,,,,,,,,,,,
HC138,,,,,,,,,,,,0.0,,,,,,
HC139,,,0.0,,,,,0.048,,,,,,,,,,
HC140,,,,,,,,,0.0,,,,,,,,,
HC141,0.0,,,,,,,,,,,,,0.0,,,,
HC142,,,,,,,,,,,,,,,,,,
HC143,,,,0.0,,,,,,,,,,,,,,
HC144,,,,0.0,,,,,,,,,,,,,,
HC145,0.102,,,,,,,,,,,,,,,,,
HC146,,,,,,,,,,,,,,,,,,
HC147,0.0,,,,,,,,,,,,,,,,,
HC148,,,,,,,,,,,,,,,,,,
HC149,0.0,,,,,,,,,,,,,0.07,,,,
HC150,0.061,,,0.0,,,,,,,,,,,,,,
HC151,,,,,,,,,,,,,,0.0,,,,
HC152,,,,,,,,,0.0,,,,,,,,,
HC153,,,,,,,,,,,,,,,,,0.0,
HC154,,,,,,,,,,,,,,,0.0,,,
HC155,,,,,0.078,,,,,,,,,,,,,
HC156,,,,0.0,,,,,,,,,,0.0,,,,
HC157,,,,,,,,,0.13,,,,,,,,,
HC158,,,,,,,,,,,,,,,,,,
HC159,,0.0,,,,0.0,,,,,,,,,,,,
HC160,,,,,,,,,,,,,,,,,,
HC161,,,,,,,,,0.0,,,,,,,,,
HC162,,,,,,,,,,,,,,,,,,
HC163,,,,,0.077,,,,,,,,,,,,,
HC164,0.0,,,,,,,,,,,,,,,,,
HC165,,,,0.0,,,,,,,,,,,0.0,,0.0,
HC166,,,,,0.0,,,,,,,,,,,,,
HC167,,,,,,,,,,,,0.0,,,,,,
HC169,,,,,,,,,0.0,,,,,,0.111,,,
HC170,0.0,,,,,,,,,,0.835,,,,,,,
HC171,,,,,,,,,,,,,,,,,,
HC172,,,,,,,,,,,,,0.0,,,,,
HC173,,,,,,,,0.0,,,,,,,0.0,,,
HC174,,,,,,,,,,,,,,,,,,0.0
HC175,,,,,,,,,,,,,,,,,,
HC176,,,,0.038,,,,0.345,,,,,,,,,,
HC177,0.0,,,,,,,0.0,,,,,,,,,,
HC178,,,,,,,,,,,,,,,,,,
HC179,0.804,,,,,,,,0.0,,,,,,,,,
HC180,,,,,,,,,,,,,,,,,,
HC181,,,,,,,,,,,,,,,,,,
HC182,,,,,,,,,,,,,,,,,,0.0
HC183,,,,0.0,,,,,,,,,,,,,,
HC184,,,,,,,,,,,,,,,,,,0.0
HC185,0.297,,,,,,,,,,,,,,,,,
HC186,,,,,,,,,,,,,,,,,,
HC187,,,,0.052,,,,,,,,,,,,,,
HC188,,,,,,,,,,,,,,0.0,,0.185,,
HC189,,,,,,,,,0.0,,,,,,,,,
HC190,,,,,,,,,0.0,,,,,,,,,
HC191,,,,,,,,,,,,,,,,,,
HC192,,,,,,,,,,,,,0.0,,,,,
HC193,,,,,,,,,,,,0.0,,,,,,
HC194,,,,,,,,,,,,,0.0,,,,,
HC195,,,,,,,,,,,,,,,,,,
HC196,,,,,,,,,,,,,,,,,,
HC197,,,,,,,,,,,,,,,,,,
HC198,,,,,,,,,0.0,,,,,,,,,
HC199,,,,,,,,,,,,,0.0,,,,,
HC200,,,,,,,,,,,0.0,,,,,,,
HC201,,,,0.068,,,,,0.0,,,,,0.697,,,,
HC202,,,,,,,,0.0,,,,,,,,,,
HC203,,,,,0.037,,,,,,,,,,,,,
HC204,,,,,,0.0,,,,,,,0.0,,,,,
HC206,,,,,,,,,,,,,,,,,,
HC207,,,,,,,,,,,,,,,,0.0,,
HC208,,,,,,,,,,0.0,,,,,,,,0.0
HC209,,,,,,,,,,,,0.023,,,,,,
HC210,,,,,,,,,,,,,,,,,,
HC211,,,,,,,,,,0.056,,,,,,,,
HC212,,,,,,,,,,,,,,,,,,
HC213,0.0,,,,,,,,,,,,,,,,,
HC214,,,,,,,,,,,,,,,,0.0,,
HC215,,,,,,,,,,,,,,0.091,,,,
HC216,,,,,,,,,,,,0.0,,,,,,
HC217,,,,,,,,,,,,,,,,,,
HC218,,,,,,,,,,,,,0.0,,,,,
HC219,0.965,,1.001,,,,,,,,,,,0.0,,,,
HC220,,,,,,,,,,,,0.0,,,,,,
HC221,,,,0.887,,,,,,,,,,0.123,,,,
HC222,0.0,,,,,,,,,,0.031,,,,,,,
HC223,,,,,0.0,,,,,,,,,,,,,
HC224,,,,,,,,,,,,,,,,,,
HC225,,,,,,,,,,,,,,,,,,
HC226,,,,,,,,,0.0,,,,,,,,,
HC227,,,,,,,,,,,,,,,0.046,,,
HC228,,,,,,,,,,0.0,,,,,,,,
HC229,,,,,,,,,,,0.0,,,,,,,
HC230,,0.0,,,,,,,,,,,,,,,,
HC231,,,,0.0,,,,,,,,,,,,,,
HC233,,,,,,,,,,0.0,0.0,,,,,,,
HC234,,,,,0.0,,,,,,,,,,,,,
HC235,,,,,,,,,,,,,,,,,,
HC237,,,,,,,,,,,,,,,,,,
HC238,,,,0.0,,,,,,,,,,,,,,
HC239,,,,,,,,,,,,,,,,,,
HC240,,,,,,,,,,,,,,,,,,
HC241,,0.0,,,,,,,,,,,,,,,,
HC242,0.0,,,,,,,,,,,,,,,,,
HC243,0.402,,,,,,,,,,,,,,,,,
HC244,,,,,,,,,,,,,,,,,,
HC245,0.0,0.0,,,,,,,,,,,,,,,,
HC246,,,,,,,,,0.068,,,,,,,,,
HC247,,,,,,,,,,,,,,,0.0,,,
HC248,,,,,0.0,,,,,,,,,,,,,
HC249,,,,,,,,,,,,0.0,,0.036,,,,
HC250,,,,,,,0.0,,,,,,,,,,,
HC251,,,,,,,,0.276,,,,,,,,,,
HC252,,,,0.0,,,,,,,,,,,,,,
HC253,,,,,,,0.0,,,,,,,,,,,
HC254,,,,,,,,,,,0.666,,,,,,,
HC255,,,,,,,,,,,,,,,,,,
HC256,,0.0,,0.0,,,,0.037,,,,,,,,,,
HC257,,,,,,,,,,,,,,,,,,
HC258,,,,,0.0,,,,,,,,,,,,,
HC259,,,,,,,,,,,,,,0.0,,,,
HC260,,,,,,,,,,,,,,,,,,
HC261,,,0.181,,0.0,,,,,,,,,,,,,
HC262,,,,,,,,,,,,,,,,,,
HC263,,,,,,,,,,,,,,,,,,
HC264,,,,,,,,,0.033,,,,,,0.0,,,
HC265,,,,,,,,,,,,,,,,0.0,,
HC266,,,,0.0,,,,,,0.025,,,,,,,,
HC267,,,0.0,,,,,,,,,,,0.159,,,,
HC268,,,,,,,,,,,,,,,,,,
HC269,,,,,,,,,0.382,,,,,0.0,,,,
HC270,,,,,,,,,,,,,,,,,,
HC271,,,,,,,,,,,,,,0.06,,,,
HC272,,,,,,,,,,,,,,,,,,
HC273,,,0.033,,,,,,,,,,,0.0,,,,
HC274,,0.0,,,,,,,,,,,,,,,,
HC275,,,,,,0.0,,,,,,,,,,,,
HC276,,,,,,,,,,,,,,,,,,
HC277,,,0.0,,,,,,,,,,,,,,,
HC278,,,,,,,,,,,,,,0.0,,,,
HC279,,,,,,,,,,,,,,,,,,
HC280,,,,,,,,,,,,,,,,,,
HC281,,,,,,,,,,,,,,,,,,
HC282,,,,,,,,,,,,,,,,,,
HC283,,,0.0,,,,,,0.0,,,,,,,,,
HC284,,,,,0.0,,,,,,,,,,,,,
HC285,0.053,,,,,,,,,,,,,,,,,
HC286,,,,,,,,,,,0.0,,,,,,,
HC287,,,,,,,,,,,,,,,,,,
HC288,,,,,,,,,,,,,,0.0,,,,
HC289,,,,0.0,,,,,,,,,,,,,,
HC290,,,,,,,,,,,,,,,,,,
HC292,,,,,,,,,,,,,,,,0.0,,
HC293,,,,,,,,,,,,,,,,,,
HC294,0.042,,,,,,0.0,,,,0.141,,,0.0,,,,
HC295,0.153,,,,,,,,,,,,,,,,,
HC296,,,,,,,,,,,,,,,,,,
HC297,,,,,,,,,,,,,,,,,,
HC298,,,,,,,,,,,,,,,,,,
HC299,,,,,,,,,,,0.032,,,,,,,
HC300,,,,,,,,,,,,,,,,,,
HC301,,,,,,,,,,,,,0.0,,,,,
HC302,,,,,,,,,,,,,,,,,,
HC303,1.0,,,,,,,,,,,,,,,,,
HC304,,,,,,,,,,,,,,,,,,
HC305,,,,0.0,,,,,,,,,,,,,,
HC306,,,,,,,,,,,,,,,,,,
HC307,,,,,,,,,,,,,,0.131,,,,
HC308,,,0.0,,,,,,,,,,,,,,,
HC309,,,,,,,,,,,,,,,,,,
HC310,0.0,,,,,,,,,,,,,,,,,
HC311,,,,0.117,,,,,,,,,,,,,,
HC312,,,,,,,,,,,,,,,,,,
HC313,,,,,,,,0.0,,,,,,,,,,
HC314,,,,,,,,,,,,,,,,,,
HC315,,0.0,,,,,,,,,,,,,,,,
HC316,,,,,,,,,,,,,,,,,,
HC318,,,,,,,,,,,,,,,,,,
HC319,,,0.0,,,,,,0.0,,,,,,,,,
HC320,,,,,,,,,,,,,,,0.0,,,
HC321,0.0,,,,,,,,,,,,,,,,,
HC322,,,,,,,,,,,,,,,,,,0.062
HC323,,,,,,,,,,,,,,,,,,
HC324,,,,0.0,,,,,,,,,,,,,,
HC325,,,,,,,,,,,,,,,,,,
HC326,,,,,0.0,,,,,,,,,,,,,
HC327,,,,,,,,,,,,,,,,,,
HC328,,,,,,,,,,,,,,,,,,
HC329,,,,,,,,,,,,,,0.0,,,,
HC330,,,,,,,,,,,,,,,0.091,,,
HC331,,,,,0.062,,,,,,,,,,,,,
HC332,,,,,,,,,,,,,,,,,,0.052
HC333,,,,,,,,,,,,,,,,,,
HC334,,,,,,,,,,,,0.0,,,,,,
HC335,,,0.0,,,,,,,,,,,,,,,
HC336,,,,,,,,,,,,,,,,0.0,,
HC337,0.826,,,0.918,,,,,,,,,,0.061,,,,
HC338,,,,0.0,,,,,,,,,,,,,,
HC339,,,,,,,,,,0.0,,,,,,,,
HC341,,,,,,,,,,,,,,,,,,
HC342,,,,,,,,,,,,,,,,,,
HC343,0.046,,,,,,,,,,,,,,,,,
HC344,,,,,,,,,,,,,,,,,,
HC345,,,,,,,,,0.0,,,0.0,,,,,,
HC346,,,,,,,,,,,,,,,,,,
HC347,,,,,,,,,,,,,,,,,,
HC348,,,,,,,,0.0,,,0.032,,,,,,,
HC349,,,,,,,,,,,,,,,,,,
HC350,,,,,,,,,,,,,,,,,,
HC351,,,,,,,,,,,,,,,,,,
HC352,0.346,,,,,,,,,,,,,,,,,
HC353,,,,,,,,,,,,,,,,,,
HC354,,,,,,,,,,,,,0.0,,,,,
HC355,0.0,,,,,,,,,,,,,,,,,
HC356,,,,,,,,,,0.0,,,,,,,,
HC357,0.042,,,,,,,,,0.0,,,,,,,,
HC358,,,,,,,,,,,,,,0.0,,,,
HC359,0.372,,,,,,,,0.103,,,,,,,,,
HC360,0.35,,,,,,,,,,,,,,,,,
HC361,,,,0.0,,,,,,,,,,,,,,
HC362,,,,,,,,,,,,,,,,0.0,,
HC363,,,,,,,,,,,,,,,0.0,,,
HC364,,,,,,,,,,,,0.0,,,,,,
HC365,,,,,,,,,,,,,,,,,,
HC366,0.104,,,,,,,,,,,,,,,,,
HC367,,,,,0.0,,,,,,,,,,,,,
HC368,,0.0,,,,,,,,,,,,,,,,
HC369,,,,,,,,,,,0.04,,,,,,,
HC370,,,,,,0.0,,,,,,,,,,,,
HC371,,,,,,,,,,0.08,,,,,,,,
HC373,,,,,,,,,,,,,,,,,,
HC374,,,,,,,,,,,0.057,,,,,,,
HC375,,,,,,,,,,,,,,,,,,
HC376,0.0,,,,,,,,,,,,,,,,,
HC377,,,,,,,,,,,,,,,,,,
HC378,,,,,,,,,,,,,,,,,,
HC379,,,,,,,,0.0,,,,,,,,,,
HC380,,,,,,,,,,,,,,,,,,
HC381,,,,,,,,,,,,,,,0.0,,,
HC382,,,0.0,,,,,,0.0,,,,,,0.913,,,
HC383,0.0,,,,,,,,,,,,,,,,,
HC384,,,,,0.0,,,,,,,,,,,,,
HC385,0.0,,,,,,,,,,,,,,,,,
HC386,,,,,,,,,,,,,,,,,,
HC387,,,,,,,,,,,,,0.0,,,,,
HC388,,,,0.193,,,,,,,,,,,,,,
HC389,,0.0,,,,,,,,,,,,,,,,
HC390,,,,,,,,,,,,,,,,,,
HC391,,,,,,,,,,,,,,,,,,
HC392,0.037,,,,,,0.0,,,,,,,0.0,,,,
HC393,,,,,,,,,,,,,,,,,,
HC394,,,,,,,,,,0.036,,,,,,,,
HC395,0.153,,,,,0.0,,,,,,,,,,,,
HC396,,,,,,,,,,,,,,,,,,
HC397,0.0,,,,,,,,,,,,,,,,,
HC398,,,,,0.0,,,,,,,,,,,,,
HC399,,,,,,,,,,,,,,,,,,
HC400,,,,,,,,,,,0.091,,,,,,,
HC401,,,,,,,,,,,,,,0.0,,,,
HC402,,,0.0,,,,,,0.0,,,,,,,,,
HC403,0.0,,,,,,,,,,,,,,,0.0,,
HC404,,,,,,,,,,,,,,0.035,,,,0.069
HC406,,,,,,,,,,,,,,,,,,
HC407,,,,0.0,,,,,,,,,,,,,,
HC408,,,,,,,,,,,,,,,,,,
HC409,,,,,,,,,,,,,0.0,,,,,
HC411,,,,,0.0,,,,,,,,,,,,,
HC412,,,,,,,,,,,,,,,,,,
HC413,,,,,,,,,,,,,,,,,,
HC414,,0.0,0.0,,,,,,,,,,,,,,,
HC415,,,,,,,,,,,,,,,,,,0.0
HC416,,,0.047,,,,,,,,,,,,,,,
HC417,0.034,,,,,,,,,,0.0,,,,,,,
HC418,,,,,,,,,,0.289,,,,,,,,
HC419,,,,0.0,,,,0.0,,,,,,,,,,
HC420,,,,,,,,,,,,,,,,,,
HC421,,,,,,,,,,,,,,,,,,
HC422,,,,0.474,,,,,0.0,,,,,,,,,
HC423,,,,,,,0.0,,,,,,,,,,,
HC424,,,,,,,,,,,,0.0,,,,,,0.313
HC425,0.062,,,,,0.0,,,,,,,,,0.0,,,
HC428,,,0.0,,,,,,,,,,,,,,,
HC429,0.0,0.0,,,,,,,,,,,,,,,,
HC430,,,,0.0,,,,,,,,,,,,,,
HC431,,,,,,,,,,,,0.0,,,,,,
HC432,,,,,,,,,,,0.0,,0.0,,,,,
HC433,,,,,,,,,,,,,,,,,,
HC434,,,,,,,,,,,,0.0,,,,,,
HC435,,,,,,,,,,,,,,,,,,
HC436,0.0,,,,,,,,,,,,,0.097,,,,
HC437,,,,,,,,,,,,,,,,,,
HC438,0.056,,,,,,,,,,,,,,,,,
HC439,,,,,,,,,,,,,,,,,,
HC440,,,,,,,,,,,,,,,,,,
HC441,,,,,,,,,,,,,,,0.033,,,
HC442,0.184,,,,,,,,,,,,,,,,,
HC443,,,,,,,,,,,,,,,,,,
HC444,,,,,,,,,,,,,,,,,,
HC445,0.036,,,,,,,,,,,,,,,,,
cancer1022,,,,,0.0,0.32,,,,,,,,,,,,
cancer1067,,,,,,,,,,,,,,,,0.0,,
cancer1023,,,,,,,,,0.078,,,,,,,,,
cancer1024,,,,,,,,,,,,,,,,,,
cancer1050,,,,,,,,,,,,,,,,,,
cancer1019,,,,,0.0,,,,,,,,,,,,,
cancer1002,,,,,,,,,,,,,,,,,,
cancer1003,,,,0.761,,,,,0.761,,,,,,,,,
cancer1085,,,,,,,,0.0,,,,,,,,,,
cancer1012,,,,,,,,,,,,,,,,,,
cancer1084,0.0,,,,,,,,,,,,,,,,,
cancer1038,0.0,,,,,,,,,,,,0.0,,,,,
cancer1059,,,,,,,,,,,,,,,,,,
cancer1005,0.0,,,,,,,,,,,,,,,,,
cancer1068,0.0,,,,,,,,,,,,,,,,,
cancer1007,,,,,,,,,,,0.0,,,,,,,
cancer1001,,,,,,,,,,,,,,,,,,
cancer1074,,,,,,,,,,,,,0.0,,,,,
cancer1079,,,,,,,,,,,,,,,,,,
cancer1010,,,,,0.0,0.0,,,,,,,,,,,,
cancer1052,,,,,0.0,,,,,,,,,0.0,,,,
cancer1030,,,,,,0.0,,,,,,,,,,,,
cancer1017,,,,,,,,,,,,,,,,,,
cancer1081,,,,,,,,,,,,,,,,,,
cancer1009,,0.0,,,,,,,,,,,,,,,,
cancer1048,0.0,,,0.015,,,,,0.282,,,,,,,,,
cancer1076,,,,,,,,,,,,,,,,,,0.0
cancer1026,,,,0.0,,,,,,,,,,,,,,
cancer1039,,,,,,,,,,,,,,,,,,
cancer1082,,,,0.0,,,,,,,,,,,,,,
cancer1004,,,,,,,,,,,,,,,,,,
cancer1033,,,,,,,,,,,,,,,,,,
cancer1077,,0.0,,,,,,,,,,,,,,,,
cancer1063,,,,,,,,,,,,,,,,,,
cancer1065,,,,,,,,,0.0,,,,,,,,,
cancer1015,0.0,,,,,,,,,0.034,,,,,,,,
cancer1029,,,,0.0,,0.0,,,,,,,,,,,,
cancer1055,,,,0.027,,,,,0.269,,,,,,,,,
cancer1066,0.0,,0.0,,,,,,,,,,,,,,,
cancer1041,,,,,,,,,0.195,,,,,,,,,
cancer1060,,,,0.862,,,,,0.903,,,,,,,,,
cancer1034,,,,,0.064,,,,,,,,,,,,,
cancer1036,,,,,,,,,,,,,,,,,,
cancer1032,,,,,,0.025,,,,,,,,,0.0,,,
cancer1046,,,,,,,,,0.118,,,,,,,,,
cancer1044,0.0,,,,,,,,,,,,,,,,,
cancer1008,,,,,,,,0.0,,,,,,,,,,
cancer1035,,,,0.0,,,,,0.033,,,,,,,,,
cancer1051,,,,,,,,,,,,,,,,,,
cancer1031,,,,,,,,,,,,,0.0,,,,,
cancer1043,,,,,0.0,,,,,,,,,,,,,
cancer1018,,,,,,,,,,,,,,,,,,
cancer1047,0.183,,,,,,,,0.974,,,,,,,,,
cancer1086,,,,,,,,,,,,0.0,,,,,,
cancer1088,0.0,,,,,,,,,,,,,,,,,
cancer1080,,,,,,,,,,,,,,,,,,
cancer1075,,,,,,,,,,,,,,,,,,
cancer1053,0.177,,,,,,,,0.955,,,,,,,,,
cancer1020,0.063,,,,,0.155,,,,,,,,,,,,
cancer1025,,,,,,,,,,,0.0,,,,,,,
cancer1037,,,,,,,,,0.091,,,,,,,,,
cancer1011,,,,,,,,0.0,,,,,,,,,,
cancer1056,,,,,,,,,,,,,0.0,,,,,
