,DQA1_101,DQA1_102,DQA1_103,DQA1_104,DQA1_201,DQA1_301,DQA1_302,DQA1_303,DQA1_401,DQA1_501,DQA1_503,DQA1_505,DQA1_509,DQA1_601
HC0,,,,,,,,,,,,,,
HC1,,,,,,,,,,,,0.0,,
HC2,,,,,,,,,,,,,,
HC4,,,,,,,,,,,,,,
HC5,,,,,,,,,,,,,0.0,
HC6,,,,,,,,,,,,,,
HC7,,,,,,,,,,,,,,
HC8,,,,,,,,,,,,,,
HC9,,,,,0.0,,,,,,,,,
HC11,,,,,,,,,0.0,,,,,
HC12,,,,,,,,,,,,,,
HC13,0.0,,,,,,,,,,,,,
HC14,,,,,,,,,,,,,,
HC15,,,,,,,,,,,,,,
HC16,,,,,,,,,,,,0.0,,
HC17,,,,,,0.0,,,,0.0,,,,
HC18,,,,,,,,0.0,,,,,,
HC19,,0.036,0.0,,,,,,,0.0,,,,
HC21,,,,,,,,,,,,,,
HC22,,,,,,,,,,0.0,,,,
HC23,,,,,,,,,,,,,,
HC24,,,,,,,,,,,,0.0,,
HC25,,0.0,,,,,,,,0.056,,,,
HC26,,,,,0.054,,,,0.0,,,,,
HC27,,,,,,,,,,,,,,
HC28,,,,,0.077,,,,,,,,,
HC30,,,,,,,,0.0,,,,0.0,,
HC31,,,,,,,,,,,,,,
HC32,,,,,,,,,,,,,,
HC33,,,,,,,,,,,,,0.0,
HC34,,,,,,,,,,,,,,
HC35,,,,,,,,,,,,,,
HC36,,,,,,,,,,,,,,
HC37,,,,,,,,,,,,,,
HC38,,,,,0.0,,,,,,,,,
HC39,0.369,0.0,,,,,0.602,,,,,,,
HC40,,,,,,,,,,,,,,
HC41,,,0.0,,,,,,,,,,,
HC42,,,,,,,0.0,,,,,,,
HC43,,,,,,,,,,,,,,
HC44,,,,,,,,,,,,,,
HC45,,,,,,0.092,,,,,,0.0,,
HC46,,,,,,,,,,,,,,
HC47,,,,,,,,,,,,,,
HC48,,,,,,,0.0,,,,,,,
HC49,,,1.0,,0.0,,,,,,,,,
HC50,,,,,,,,,,,,,,
HC51,,,,,,,,,,,,,,
HC52,,,,,,,,,,,,,,
HC53,,,,,0.0,,,,,,,,,
HC54,,,0.0,,,,,,,,,,,
HC55,,,,,0.575,,,,,0.81,,,,
HC56,,,,,,0.0,,,,,,,,
HC57,,,,,,,,,,,,,,
HC58,,,,,,,,,,,,,,
HC59,,,,,0.036,,,,0.043,,,,,
HC60,,,,,,,,,,,,,,
HC61,,0.0,,,,0.0,,,,,,,,
HC62,,,,,,,,,,,,,,
HC63,,,,,,,,,,,,,,
HC64,,,,,0.068,,,,,,,,,
HC66,,,,,,,,,,,,,,
HC67,,,,,,,,,,,,0.0,,
HC68,,,,,0.062,,,,,,,,,
HC69,,,,,,,,,,,,,,
HC70,,,,,,,,,,,,,,
HC71,,,,,,0.0,,,,,,,,
HC72,,,,,,,,,,,,,,
HC73,,,,,,,,,0.0,,,,,
HC75,,,,,,,,,0.0,,,,,0.0
HC76,,,,,,,,,,,,,,
HC77,,,,,,,,,,,,,,
HC78,,0.033,,,,1.0,,,,,,,,
HC79,,,,,,,,,,,,,,
HC80,,0.0,,,,,,,,,,,,
HC81,,,,,,,,,,,,,,
HC82,,,,,,,,,,,,,,
HC83,,,,,,,,,,,,,,
HC84,,,0.623,,,,,,,,,,,
HC85,,,,,,,,,,,,,,
HC86,,,,,0.0,,,,,,,,,
HC87,,,,,,,,,0.0,,,,,
HC88,,,,,,,,,,,,,,
HC89,,,,,,,,,,,,,,
HC90,,,,,,,,,,,,,,
HC91,,,,,0.0,,,,,,,,,
HC92,,,,,,,,,0.0,,,,0.043,
HC93,,,,,0.029,0.042,,,,,,,,
HC94,,,,,,,,,,,,,,0.0
HC95,0.0,,,,,0.692,,,,,,,,
HC96,,,,,0.569,0.0,,,,,,,,
HC97,,,,,,,,0.0,,,,,,
HC98,,,,,,,,,,,,,,
HC99,,,,,0.0,,,,,,,,,
HC100,,,,,,,,,,,,,,
HC101,,,,,,,,,,,,,,
HC102,,,,,,,,,,0.0,,,,
HC103,,,,,,0.0,,,,,,,,
HC104,,,,,,,0.0,,,,,,,
HC105,,,,,,,,,,,,,,
HC106,,,,,,0.12,,,0.0,,,,,
HC108,,,,,,,,,,,,,,
HC109,,,,,,,,,,,,,,
HC110,,,,,,,,,,,,,,
HC111,,,,,,,,0.0,,,,,,
HC112,,,0.136,,,,,,,,,,,0.0
HC113,,,,,,,,0.0,,,,,,
HC114,,,,,,,,,,,,0.0,,
HC115,0.0,0.0,,,,,,,,,,,,
HC116,,,0.0,,,,,,,,,,,
HC117,,,,,,,0.0,,,,,,,
HC118,,,,,0.044,,,,,,,,,
HC119,,,,,,,,,,,,,,
HC120,,,,,,0.021,,,,,,,,
HC121,,,,,,0.0,,,,,,,,
HC122,,,,,,,,,,,,,,
HC123,,,,,,,,,,,,,,
HC124,,,0.0,,0.0,,,0.0,,,,,,
HC125,0.0,,,,,,,,,0.0,,,,
HC126,,,,,,,,,,,,,,
HC128,,,,,,,,,,,,,,
HC129,,,,,,,,,,,,,,
HC130,,,,,,,,,,,,,,
HC131,0.033,,,,,,,,,,,,,
HC132,,,,,,,,,,,,,,
HC133,,,,,,,,,,,,,,
HC134,,,,,,,0.0,,,,,,,
HC135,,,,0.0,,,,,,,,,,
HC136,,,,,0.483,1.0,,,,,,,,
HC137,,,,,,,,0.051,,0.0,,,,
HC138,,,,,,,,,,,,,,
HC139,,,,,,,,,0.0,,,,,
HC140,,,,,,,,,,,,,,
HC141,,,,,,,,,,0.0,,,,
HC142,,,,,,,,,,,,,,
HC143,,,,,,,,,,,,,,
HC144,,,,,,0.0,,,,,,,0.0,
HC145,,,,,,0.0,,,,0.335,,,,
HC146,,,,,,,,,,,,,,
HC147,,,,,,,,,,0.0,,,,
HC148,,,,,,,,,0.0,,,,,
HC149,,,,,,,,,,,,,,
HC150,,,,,,,,,,0.938,,,,
HC151,,0.0,,,,0.0,,,,,,,,
HC152,,,,,,,,,,,,,,
HC153,,,,,,,,,,,,,,
HC154,,,0.0,,,0.038,,,,,,,,
HC155,,,,,,,,,,,,,,
HC156,,,,,,0.901,,,,,,,,
HC157,0.0,,,,,,,,,,,,,0.0
HC158,,,,,,,,,,,,,,
HC159,,,,,,,,,,,,,,
HC160,,,,,0.0,,,,,,,,,
HC161,,,,,,,,,0.0,,,,,
HC162,,,,,,,,,,,,,,
HC163,,,,,0.225,,,,,,,0.0,,
HC164,,,,,,,,,,,,,,
HC165,,,0.0,,,,,,,,,,,
HC166,,,,,0.068,,,,,,,,,
HC167,,,,,0.0,,,,,,,,,
HC169,0.973,,0.799,,,,,,,,,,,
HC170,,,,,,,,,,0.0,,,,
HC171,,,,,,,,,,,,,,
HC172,,,,,,,,,,,,,,
HC173,,,,,0.028,,,,0.0,,,,,
HC174,,,,,,,,,,,,,,
HC175,,,,,,,,,,,,,,
HC176,,,,,,,,,0.107,,,,,
HC177,,,,,,,,,,,,,,
HC178,,0.0,,,,,,,,,,,,
HC179,0.0,,,,,,,,,0.0,,,,
HC180,,,,,,,,,,,,,,
HC181,,,,,,,,,,,,,,
HC182,,,,,,,,,,0.0,,,,
HC183,,,,,,,,,,,,,,
HC184,,,,,,,,,,,,0.0,,
HC185,,,,,,,,,,0.0,,,,
HC186,,,,,,,,,,,,,,
HC187,,,,,,,,,,,,,,
HC188,,,,,,,,,,,,,,
HC189,,,,,,,,,,,,,,
HC190,0.0,,,,0.12,,,,,,,,,
HC191,,,,,,,,,,,,0.0,,
HC192,,,,,,,,,,,,,,
HC193,,,,,0.0,,0.0,,,,,,,
HC194,,,,,,,,,,,,,,
HC195,,,,,,,,,,,,,,
HC196,,,,,,,,,,,,,,
HC197,,,,,,,,,,,,,,
HC198,,,,,,,,,,0.0,,,,
HC199,,,,,,,,,,,,,,
HC200,0.0,,,,,,,,,,,,,
HC201,0.0,,,,,0.31,,,,,,,,
HC202,,,,,,,,,0.0,,,,,
HC203,,,,,,,0.0,,,,,,,
HC204,,,,,,0.0,,,,,,,,
HC206,,,,,,,0.0,,,,,,,
HC207,,,,,,,,,,,,,,
HC208,,,,,,,,,,,,,,
HC209,,,,,,,0.0,,,,,,,
HC210,,,,,,,,,,,,,,
HC211,,,,,,,,,,,,,,
HC212,,,,,,,,,,,,,,
HC213,,0.113,,,,,,,,0.0,,,,
HC214,,,,,0.0,,,,,,,,,
HC215,,,,,,,,,,,,,,
HC216,,,,,,,,,,,,,,
HC217,,0.03,,,,,,,,,,,,
HC218,,,,,,,,,,,,,,
HC219,,1.001,,,,1.001,,,,0.0,,,,
HC220,,,,,,0.0,,,,,,,,
HC221,,0.0,,,,0.105,,,,,,,,
HC222,0.0,,,,,,,,,0.035,,,,
HC223,,,,,,,,,,0.0,,,,
HC224,,,,,,,,,,,,,,
HC225,,,,,,,,,,,,0.0,,
HC226,,,,,,,,,0.0,,,0.061,,
HC227,,,0.0,,,,,,,,,0.0,,
HC228,,,,,,,,,,,,,,
HC229,,,,,,,,,,,,,,
HC230,,,,,,,,,,,,,,
HC231,,,,,,,0.0,,,,,,,
HC233,0.0,,0.0,,,,,,,,,,,
HC234,,,,,,,,,,,,,,
HC235,,,,,,,,,,,,,,
HC237,,,,,,,,,0.0,,,0.0,,
HC238,,,,,,,,,,,,,,
HC239,,,,,,,,,,,,,,
HC240,,,,,,,,,,0.0,,,,
HC241,,,0.0,,,,,,,,,,,
HC242,,,,,,,,0.0,,,,,,
HC243,,,,,,,,,,0.0,,,,
HC244,0.0,,,,,,,,,,,,,
HC245,,,,,,0.043,,,,,,,,
HC246,0.062,,,,,,,,,,,,,
HC247,,,0.0,,,,,,,,,,,
HC248,,,,,,,,,,,,,,
HC249,,,,,,,,,,,,,,
HC250,,,,,,,,,,,,,,0.0
HC251,,,,,,,,,0.31,0.0,,,,
HC252,,,,,,0.0,,,,,,,,
HC253,,,,,,,,0.115,,,,,,
HC254,,,,,,,,,,,,,,
HC255,,,,,,,,,,,,,,
HC256,,,,,,,,,0.064,,,,,
HC257,,,,,,,,,,,,,,
HC258,,,,,,0.035,,,,,,,,
HC259,,,,,,,,,,,,,,
HC260,,,,,,,,,,,,,,
HC261,,,,,0.03,0.686,,,,,,,,
HC262,,,,,,,,,,,,,0.0,
HC263,,0.0,,,,0.0,,,,,,,,
HC264,0.0,,,,,,,,,,,,,
HC265,,,,,,,,0.0,,,,,,
HC266,,,,,,0.097,,,,,,,0.961,
HC267,,0.169,,,,,0.0,,,0.0,,,,
HC268,,,,,,,,,,,,,,
HC269,0.412,,,,,,,,,,,,,
HC270,,,,,,,,,,,,,,
HC271,,0.0,,,,,,,,,,0.0,,
HC272,,,,,,,,,,,,,,
HC273,,,,,,,,,,,,,,
HC274,,,,,,,0.0,,,,,,,
HC275,,,,,,,,,,,,,,
HC276,,,,,,,,,,,,,,
HC277,,,0.032,,,,,,,,,,,
HC278,,,,,,,,0.0,,,,,,
HC279,,,,,,,,,,,,,,
HC280,,,,,,,,,,,,,,
HC281,,,,,,,,,,0.0,,,,
HC282,,,,,,,,,,,,,,
HC283,0.0,,,,,,,,,,,,,
HC284,,,,,,,,,,,,,,
HC285,,,,,,,,,,,,,,
HC286,,,,,,,,,,,,,,
HC287,,,,,,,,,,,,,,
HC288,,,,,,,,,,,,,,
HC289,,,,,,0.17,,,,,,,,
HC290,,,,,,,,,,,,,,
HC292,,,,,,0.0,,,,,,,,
HC293,,,,,,,,,,,,,,
HC294,,,,,,,,,,,,,,
HC295,,0.0,,,,,,,,0.0,,,,
HC296,,,,,,,,,,,,,0.0,
HC297,,,,,,,,,,,,,,
HC298,,,,,,0.139,,,,0.0,,,,
HC299,,,,,,,,,,,,,,
HC300,,,,,,,,,,,,0.0,,
HC301,,,0.09,,,,,,,,,,,
HC302,,,,,,,,,,,,,,
HC303,,,,,,,,,,0.0,,,,
HC304,,,,,,,,,,,,,,
HC305,,,,,,,,,,,,,,
HC306,,,,,,,,,,,,,,
HC307,,,,,,0.0,,,,,,,,
HC308,,,,,,,,,,,,,,0.364
HC309,,,,,0.0,,,,,,,,,0.043
HC310,,,0.0,,,,,,,,,,,
HC311,,,,,,0.129,,,,,,,,
HC312,,,,,,,,,,,,,,
HC313,,,,,,,,,0.497,,,,,
HC314,,,,,,,,,,,,,,
HC315,,,,,,,,,,,,,,
HC316,,,,,,,,,,,,,0.0,
HC318,,,,,,,,,,,,,,
HC319,,,,,,,,,,,,,,
HC320,,,0.0,,,,,,,,,,,
HC321,,,,,,,,,,0.0,,,,
HC322,,,,,,,,,,,,,,
HC323,,,,,,0.0,,,,,,,,
HC324,,,,,,0.341,,,,,,,,
HC325,,0.0,,,,,,,,,,,,
HC326,,,,,,,,,,,,,,
HC327,,0.033,,,,,,,,,,,,
HC328,,,,,,,,,,,,,,
HC329,,,,,,,,,,,,,,
HC330,,,,,,,,,,,,,,
HC331,,,,,,,,,,,,,,
HC332,,,,,,,,,,,,,,
HC333,,,,,,0.041,,,,,,0.0,,
HC334,,,,,,,,,,,,,,
HC335,,,,,,,,,,,,,,
HC336,,,,,,,,,,,,,,
HC337,,,,,,0.0,,,,,,,,
HC338,,,,,,0.0,,,,,,,,
HC339,,,,,,,,,,,,,,
HC341,,,,,,,,,,,,,,
HC342,,,,,,,,,,,,,,
HC343,,,,,,,,,,0.0,,,,
HC344,,,,,,,,,,,,,,
HC345,,,,,,,,,,,,,,
HC346,,,,,,,,,,,,,0.0,
HC347,,,,,,,,,0.0,0.0,,,,
HC348,,0.0,,,,,,,0.0,,,,,
HC349,,,,,,,,,,,,,,
HC350,,,,,,,,,,,,,,
HC351,,,,,,,,,,,,,,
HC352,,,,,,,,,,0.0,,,,
HC353,,,,,,,,,,,,,,
HC354,,,,,,,,,,,,,,
HC355,,,,,,,,,,,,,,
HC356,,,,,,,,,,,,,,
HC357,,,,,,,,,,0.201,,,,
HC358,,0.0,,,,0.072,,,,,,,,
HC359,,,,,,,,,,0.029,,,,
HC360,,,,,0.084,,,,,0.206,,,,
HC361,,,,,,,,,,,,0.05,,
HC362,,,,,0.0,0.695,,,,,,,,
HC363,,,0.082,,,,,,,,,0.0,,
HC364,,,,0.0,,,,,,,,,,
HC365,,,,,,,,,,,,,,0.0
HC366,0.0,,,,,,,,,0.05,,,,
HC367,,,,,,,,,,,,,,
HC368,,,,,,,,,,,,,,
HC369,,,,,,,,,,,,,,
HC370,,,,,,,,,,,,,,
HC371,,,,,,,,,,,,,,
HC373,,,,,,,,,,,,,,
HC374,,,,,,,,,,,,,,
HC375,,,,,,,,,,,,,,
HC376,,,,,,,,,,,,,,
HC377,,,,,,,,,,,,,,
HC378,,,,,0.0,,,,,,,,,
HC379,,,,,,,,,0.059,,,,,
HC380,,,,,,,0.0,,,,,0.0,,
HC381,,,0.0,,,,,,,,,,,
HC382,0.999,,0.086,,,0.999,,,,,,,,
HC383,,,,,,,,,,,,,,
HC384,,,,,,,,,,,,,,
HC385,,,,,,,,0.037,,,,,,
HC386,,,,,,0.0,,,,,,,,0.097
HC387,,,,,,,,,,,,,,
HC388,,0.0,,,,0.108,,,,,,,,
HC389,,,,,,,,,,,,,,
HC390,,,0.0,,,,,,,,,,,
HC391,,,,,,,,,,,,,,
HC392,,,,,,,,,,,,,,
HC393,,,,,,,,,,,,,,
HC394,,,,,,,,,,,,,,
HC395,,,,,,,0.0,,,,,,,
HC396,,,,,,,,,,,,,,
HC397,,,,,,0.031,,,,0.0,,,,
HC398,,,,,,,,,,,,,,
HC399,,,,,,,0.115,,,,,,,
HC400,0.0,,,,,,,,,,,,,
HC401,,,,,,,,,,,,,,
HC402,0.186,,,,,,,,,,,,,
HC403,,0.0,,,,,,,,,,,,
HC404,,0.078,,,,,,,,,,,,
HC406,,,,,,,,,0.0,,,,,
HC407,,,,,,,,,,,,,,
HC408,,,,,,,,,,,,,,
HC409,,,,,,,,,,,,,,
HC411,,,,,,,,,,,,,,
HC412,,,,,,,,,,,,0.0,,
HC413,,,,,,,,,,,,,,
HC414,,,,,,,,,,,,,,0.227
HC415,,0.0,,,,,,,,,,,,
HC416,,,,,,,,,,,,0.0,,
HC417,,,,,,,,,,,,,,
HC418,,,,,,,,,,,,,,
HC419,,,,,,,,,0.135,,,,,
HC420,,,,,,0.0,,,,,,,0.0,
HC421,,,,,,,,,,,,,,
HC422,0.0,,,,,,,,,,,,,
HC423,,,,,,,,,,,,,,
HC424,,,,,,,0.0,,,,,,,
HC425,,,0.0,,,,,,,0.0,,,,0.048
HC428,,,,,,,,,,,,,,0.0
HC429,,,,,,,,,,,,,,
HC430,,1.0,,,0.199,0.0,,,,,,,,
HC431,,,,,,,,,,,,,,
HC432,,,,,,,,,,,,,,
HC433,,,,,,,,,,,,,,
HC434,,0.0,,,,,,,,,,,,
HC435,,,,,,0.0,,,,,,,,
HC436,,,,,,,,,,,,,,
HC437,,,,,,,,,,,,,,
HC438,,,,,,,,,,,,,,
HC439,,,,,,0.0,,,,,,,,
HC440,,,,,,,,,,,,,,
HC441,,,0.065,,,,,,,,,,,
HC442,,0.0,,,,,,,,,,,,
HC443,,,,,,,,,,,,,,
HC444,,,,,,,,,,0.0,,0.0,,
HC445,,,,,,,,,,,,,,
cancer1022,,,,,,,,,,,,,,
cancer1067,,,,,,,,0.0,,,,,,
cancer1023,0.0,,,,,,,,,,,,,
cancer1024,0.107,,,,0.0,,,,,,,0.0,,
cancer1050,,,0.0,,,,,,,,,,,
cancer1019,,,,,,,,,,0.015,,,,
cancer1002,,,,,,,,,,,,,,
cancer1003,0.0,,,,0.26,,,,,,,,,
cancer1085,,,,,,,0.0,,0.0,,,,,
cancer1012,,,,,,,,,,,,,,
cancer1084,,,,,,,,,,,,,,
cancer1038,,,,,,,,,,,,,,
cancer1059,,,,,,,,,,,,,,
cancer1005,,,,,,,,,,0.0,,,,
cancer1068,,,,,,,,,,,,,,
cancer1007,,,,,,,,0.0,,,,,,
cancer1001,,,,,,,,,,,,,,
cancer1074,,,,,,,,,,,,,,
cancer1079,,,,,,,,,,,,,,0.0
cancer1010,,,,,,,,,,,,,,
cancer1052,,,,,0.384,,,,,,,,,
cancer1030,,,,,,,,,,,,0.0,,
cancer1017,,,,,,,,,,,,,,
cancer1081,,,,,,,,,,,,,0.124,
cancer1009,,,,,,,,,,,,,,
cancer1048,0.246,,,,,,,,,,,,,
cancer1076,,,,,,,,,,,,,,
cancer1026,,,,,,,,,,,,,,
cancer1039,,,,,,,,,,0.0,,,,
cancer1082,,,,,0.0,0.0,,,,,,,,
cancer1004,,0.0,,,,,,,,,,,,
cancer1033,,,,,,,,,,0.035,,,,0.0
cancer1077,,,,,,,,,,,,0.0,,
cancer1063,,,,,,,,,,,,,,
cancer1065,0.093,,,,,,,,,,,,,
cancer1015,,,,,,,,,,0.028,,,,
cancer1029,,0.0,,,,0.0,,,,,,,,
cancer1055,0.707,,,,,,,,,,,,,
cancer1066,,,,,,,,,,,,,,
cancer1041,0.0,,,,,0.048,,,,,,,,
cancer1060,0.0,,,,0.307,,,,,,,,,
cancer1034,,,,,,,,,,,,,,
cancer1036,,,,,,,,,,,,,,
cancer1032,,,0.0,,,,,,,,,,,
cancer1046,0.422,,,,0.0,,,,,,,,,
cancer1044,,,,,,,,,,,,,,
cancer1008,,,,,,,,,0.0,,,,,0.0
cancer1035,0.0,,,,,,,,,,,,,
cancer1051,,,,,,,,,,,,,,
cancer1031,,,,,,0.042,,0.0,,,,,,
cancer1043,,,,,,,,,,,,,,
cancer1018,,,,,,,,,,,,,0.0,
cancer1047,,,,,,,,,,0.0,,,,
cancer1086,,,,,,,,,,,,,,
cancer1088,,,,,,,,,,,,,,
cancer1080,,,,,,,,,,,,,,
cancer1075,,,,,,,,,,,,,,
cancer1053,0.0,,,,,,,,,,,,,
cancer1020,,,,,,,,,,,,,,
cancer1025,,,,,,,,,,,,0.043,,
cancer1037,0.0,,,,,0.567,,,,,,,,
cancer1011,,,,,,,,,0.0,,,,,
cancer1056,,,,,,,,,,,,,,
